Team,Points,,Goals Scored Total,Goals Conceded Total,Goal Difference
Liverpool,84,,86,41,45
Arsenal,74,,69,34,35
Manchester City,71,,72,44,28
Chelsea,69,,64,43,21
Newcastle,66,,68,47,21
Aston Villa,66,,58,51,7
Nottingham,65,,58,46,12
Brighton,61,,66,59,7
Bournemouth,56,,58,46,12
Brentford,56,,66,57,9
Fulham,54,,54,54,0
Crystal Palace,53,,51,51,0
Everton,48,,42,44,-2
West Ham,43,,46,62,-16
Manchester Utd,42,,44,54,-10
Wolves,42,,54,69,-15
Tottenham,38,,64,65,-1
Leicester,25,,33,80,-47
Ipswich,22,,36,82,-46
Southampton,12,,26,86,-60
,,,,,
,,,,,
,,,,,
Confusion Matrix,,,,,
,,,,,
,,,Predicted H,Predicted D,Predicted A
,,True H,129,0,26
,,True D,57,0,36
,,True A,54,0,78
