first_name,second_name,team,goals_scored,assists,total_points,minutes,goals_conceded,creativity,influence,threat,bonus,bps,ict_index,clean_sheets,red_cards,yellow_cards,selected_by_percent,now_cost,element_type
Bernd,Leno,Arsenal,0,0,10,360,9,0.0,85.0,0.0,0,69,8.5,1,0,0,0.8,45,GK
Pierre-Emerick,Aubameyang,Arsenal,4,1,44,1036,16,132.4,217.6,582.0,7,131,92.9,6,0,3,1.2,96,FWD
Cédric,Soares,Arsenal,1,1,48,1481,27,306.5,246.0,76.0,3,292,63.0,3,0,3,0.4,42,DEF
Alexandre,Lacazette,Arsenal,4,8,90,1773,17,385.7,376.6,724.0,3,295,148.3,10,0,0,3.1,81,FWD
Granit,Xhaka,Arsenal,1,2,60,2327,38,489.6,382.2,253.0,3,334,112.6,6,1,10,0.4,48,MID
Pablo,Marí,Arsenal,0,0,1,180,4,12.3,55.4,11.0,0,35,7.9,0,0,1,0.1,42,DEF
Sead,Kolasinac,Arsenal,0,0,0,91,5,0.2,4.2,0.0,0,6,0.4,0,0,1,0.1,42,DEF
Mohamed Naser,El Sayed Elneny,Arsenal,0,2,27,801,17,124.5,147.8,40.0,0,156,31.3,0,0,1,0.4,44,MID
Ainsley,Maitland-Niles,Arsenal,0,0,12,263,4,41.3,42.6,9.0,0,44,9.3,2,0,0,0.0,52,MID
Rob,Holding,Arsenal,1,0,29,840,16,6.9,242.4,49.0,2,152,29.9,2,1,2,0.8,41,DEF
Thomas,Partey,Arsenal,2,2,71,2027,25,275.5,359.6,394.0,4,345,103.0,10,0,6,0.2,50,MID
Kieran,Tierney,Arsenal,1,3,106,1916,21,335.9,365.2,198.0,11,454,90.1,11,0,0,4.7,49,DEF
Nicolas,Pépé,Arsenal,1,4,45,681,9,204.8,127.4,391.0,1,127,72.0,2,0,0,0.7,69,MID
Edward,Nketiah,Arsenal,5,1,55,823,18,138.8,216.0,339.0,6,194,69.2,0,0,3,11.5,57,FWD
Emile,Smith Rowe,Arsenal,10,2,125,1909,28,453.3,555.8,576.0,9,435,158.4,8,0,1,10.0,57,MID
Bukayo,Saka,Arsenal,11,9,179,2978,39,942.5,774.2,1404.0,18,566,311.8,13,0,6,28.8,67,MID
Gabriel,Magalhães,Arsenal,5,0,146,3063,38,129.3,703.0,453.0,16,682,128.4,13,1,6,7.4,53,DEF
Gabriel Teodoro,Martinelli Silva,Arsenal,6,7,110,1855,25,445.8,407.8,692.0,6,345,154.7,7,1,1,3.1,53,MID
Ben,White,Arsenal,0,0,107,2880,35,182.3,592.8,150.0,9,557,92.5,13,0,3,12.4,46,DEF
Nuno,Varela Tavares,Arsenal,1,1,49,1169,19,168.4,194.6,203.0,2,199,56.7,3,0,2,1.0,43,DEF
Albert,Sambi Lokonga,Arsenal,0,0,32,1129,11,250.7,181.8,87.0,0,173,51.9,7,0,5,0.1,48,MID
Folarin,Balogun,Arsenal,0,0,2,69,1,3.7,4.2,17.0,0,2,1.9,0,0,0,0.2,47,FWD
Reiss,Nelson,Arsenal,0,0,1,19,1,11.6,4.0,20.0,0,4,3.6,0,0,0,0.0,50,MID
Martin,Ødegaard,Arsenal,7,4,131,2782,39,1012.4,625.6,572.0,9,541,220.3,11,0,4,6.0,56,MID
Aaron,Ramsdale,Arsenal,0,0,135,3060,39,1.0,680.0,0.0,14,641,68.0,12,0,1,17.1,51,GK
Takehiro,Tomiyasu,Arsenal,0,1,75,1680,20,240.9,312.4,110.0,5,344,66.4,9,0,2,1.9,45,DEF
Calum,Chambers,Aston Villa,1,0,42,999,16,52.8,211.0,61.0,2,198,32.5,4,0,1,0.4,42,DEF
Jed,Steer,Aston Villa,0,0,1,90,3,0.0,8.2,0.0,0,13,0.8,0,0,0,1.7,39,GK
Emiliano,Martínez,Aston Villa,0,0,129,3240,48,0.0,755.8,0.0,7,651,75.4,11,0,4,11.4,55,GK
Bertrand,Traoré,Aston Villa,0,1,13,212,3,10.6,21.0,90.0,0,41,11.8,0,0,0,0.3,57,MID
Morgan,Sanson,Aston Villa,0,0,13,349,8,36.6,52.8,3.0,0,61,9.4,0,0,0,0.0,50,MID
John,McGinn,Aston Villa,3,4,110,3090,48,777.4,692.8,307.0,12,495,177.8,10,0,8,1.1,56,MID
Kortney,Hause,Aston Villa,1,0,20,397,9,5.9,102.8,64.0,3,89,17.3,1,0,0,0.2,44,DEF
Mahmoud Ahmed,Ibrahim Hassan,Aston Villa,0,0,1,10,1,2.0,1.8,10.0,0,4,1.4,0,0,0,0.0,54,MID
Tyrone,Mings,Aston Villa,1,4,118,3188,49,130.9,649.2,309.0,12,596,108.8,11,0,11,6.9,50,DEF
Ollie,Watkins,Aston Villa,11,3,131,2950,48,459.1,598.4,1319.0,17,441,237.7,10,0,7,9.1,75,FWD
Marvelous,Nakamba,Aston Villa,0,0,22,899,20,42.1,134.0,0.0,0,124,17.8,2,0,5,0.1,44,MID
Emiliano,Buendía Stati,Aston Villa,4,6,107,1887,32,659.3,479.4,531.0,8,378,167.3,7,0,1,1.3,61,MID
Matthew,Cash,Aston Villa,4,3,147,3377,50,432.1,709.0,517.0,11,623,165.8,13,0,8,11.5,53,DEF
Ezri,Konsa Ngoyo,Aston Villa,2,0,78,2477,43,56.5,428.2,251.0,4,388,73.4,8,2,4,0.9,49,DEF
Wesley,Moraes,Aston Villa,0,0,1,1,0,0.5,0.0,0.0,0,2,0.0,0,0,0,0.1,54,FWD
Keinan,Davis,Aston Villa,0,0,1,11,0,1.0,0.4,0.0,0,2,0.1,0,0,0,1.4,45,FWD
Douglas Luiz,Soares de Paulo,Aston Villa,2,3,89,2715,38,547.5,495.2,199.0,3,468,124.3,10,0,7,1.9,43,MID
Jacob,Ramsey,Aston Villa,6,1,109,2465,35,333.1,533.8,432.0,9,402,130.2,12,0,6,4.9,47,MID
Ashley,Young,Aston Villa,0,2,50,1234,19,201.9,187.4,113.0,0,224,50.2,4,0,2,0.5,47,DEF
Lucas,Digne,Aston Villa,0,4,83,2440,42,753.1,489.8,200.0,8,459,144.5,7,0,6,5.9,50,DEF
Danny,Ings,Aston Villa,7,6,106,1891,26,210.9,448.6,749.0,12,344,140.3,10,0,4,9.3,77,FWD
Leon,Bailey,Aston Villa,1,3,37,750,13,118.5,143.2,271.0,1,98,53.2,2,0,3,0.4,63,MID
Jaden,Philogene-Bidace,Aston Villa,0,0,1,4,0,0.0,0.0,0.0,0,0,0.0,0,0,0,0.0,50,MID
Carney,Chukwuemeka,Aston Villa,0,1,16,291,6,34.6,44.0,69.0,0,43,14.9,0,0,0,0.1,45,MID
Cameron,Archer,Aston Villa,0,0,3,24,0,0.8,0.0,18.0,0,3,1.6,0,0,0,0.8,45,FWD
Tim,Iroegbunam,Aston Villa,0,0,4,90,0,2.0,10.6,4.0,0,17,1.7,1,0,1,0.0,45,MID
Philippe,Coutinho Correia,Aston Villa,5,3,83,1327,17,338.3,324.2,419.0,7,283,108.3,7,0,0,10.6,71,MID
Robin,Olsen,Aston Villa,0,0,1,90,3,0.0,0.0,0.0,0,14,0.0,0,0,0,0.0,40,GK
Pontus,Jansson,Brentford,3,4,122,3321,56,67.1,766.4,476.0,13,616,131.4,8,0,7,7.0,45,DEF
Christian,Nørgaard,Brentford,3,4,101,3054,51,409.8,694.8,434.0,5,502,154.3,8,0,8,0.6,50,MID
Ivan,Toney,Brentford,12,5,139,2908,47,572.0,717.8,1284.0,19,502,257.4,8,0,8,18.8,69,FWD
Tariqe,Fosu-Henry,Brentford,0,0,1,16,0,4.8,5.2,21.0,0,4,3.1,0,0,0,0.0,51,MID
David,Raya Martin,Brentford,0,0,95,2160,27,10.0,575.6,0.0,5,496,58.3,8,0,1,4.6,44,GK
Sergi,Canós,Brentford,3,3,81,2077,36,282.9,359.2,422.0,5,268,106.5,8,1,6,1.0,55,MID
Pelenda Joshua,Dasilva,Brentford,0,0,7,250,6,40.9,28.6,30.0,0,27,9.8,0,1,0,0.0,53,MID
Rico,Henry,Brentford,3,0,108,2775,41,324.4,444.8,233.0,4,453,100.1,9,0,2,1.2,45,DEF
Vitaly,Janelt,Brentford,4,0,90,2295,37,330.0,440.2,399.0,8,343,116.7,9,0,3,0.2,49,MID
Saman,Ghoddos,Brentford,1,2,30,524,4,96.3,128.4,133.0,0,115,36.0,1,0,2,0.0,52,MID
Mathias,Jensen,Brentford,0,1,54,1590,30,508.0,242.8,181.0,2,246,93.3,3,0,0,0.0,49,MID
Charlie,Goode,Brentford,0,0,10,448,6,82.7,54.8,24.0,0,64,16.0,1,0,3,1.1,39,DEF
Marcus,Forss,Brentford,0,1,11,203,4,12.5,20.8,55.0,0,35,8.7,0,0,0,0.1,53,FWD
Mads,Roerslev Rasmussen,Brentford,1,1,41,1232,27,125.8,200.2,81.0,4,170,40.8,1,0,1,0.2,41,DEF
Mads,Bech Sørensen,Brentford,0,0,22,833,14,69.4,112.8,44.0,1,139,22.6,2,0,3,0.1,43,DEF
Ethan,Pinnock,Brentford,1,1,90,2694,43,151.7,648.8,335.0,7,517,113.5,7,0,1,2.7,44,DEF
Bryan,Mbeumo,Brentford,4,7,119,2905,47,508.9,441.2,927.0,6,310,186.7,9,0,4,1.9,52,MID
Frank,Onyeka,Brentford,0,2,35,1040,19,73.5,93.0,174.0,0,117,33.7,3,0,4,0.1,49,MID
Kristoffer,Ajer,Brentford,1,3,81,1995,32,123.5,381.2,184.0,5,384,69.0,8,0,5,0.7,44,DEF
Dominic,Thompson,Brentford,0,0,3,146,3,1.2,15.8,6.0,0,12,2.3,0,0,0,0.0,44,DEF
Shandon,Baptiste,Brentford,1,0,35,898,15,120.2,132.8,145.0,2,120,39.6,2,1,0,0.0,49,MID
Yoane,Wissa,Brentford,7,2,92,1268,22,105.6,318.8,379.0,6,277,79.6,3,0,0,0.3,57,MID
Álvaro,Fernández,Brentford,0,0,31,1080,24,0.0,353.2,0.0,2,218,35.2,1,0,0,0.4,45,GK
Mathias,Jorgensen,Brentford,1,0,18,516,10,44.9,108.6,57.0,0,84,21.1,1,0,2,0.0,45,DEF
Nathan,Young-Coombes,Brentford,0,0,1,3,0,0.0,0.0,0.0,0,2,0.0,0,0,0,1.1,45,FWD
Jonas,Lössl,Brentford,0,0,2,180,5,0.0,15.4,0.0,0,21,1.6,0,0,0,0.0,45,GK
Christian,Eriksen,Brentford,1,4,43,938,10,428.6,269.4,172.0,2,221,86.8,4,0,1,1.8,56,MID
Adam,Lallana,Brighton and Hove Albion,0,1,44,1559,20,162.9,209.4,173.0,0,240,54.6,6,0,4,0.1,53,MID
Jason,Steele,Brighton and Hove Albion,0,0,2,90,2,0.0,28.8,0.0,0,17,2.9,0,0,0,2.8,39,GK
Pascal,Groß,Brighton and Hove Albion,2,5,88,2033,24,902.5,412.6,345.0,7,405,166.2,8,0,1,0.3,56,MID
Shane,Duffy,Brighton and Hove Albion,1,1,48,1434,19,58.2,380.6,282.0,3,288,72.2,4,0,7,7.6,40,DEF
Lewis,Dunk,Brighton and Hove Albion,1,0,92,2573,33,63.0,551.8,327.0,7,537,94.2,10,1,3,2.3,48,DEF
Solomon,March,Brighton and Hove Albion,0,2,61,1733,23,512.0,259.6,285.0,0,216,105.6,7,0,1,0.1,53,MID
Adam,Webster,Brighton and Hove Albion,2,0,59,1429,20,50.1,387.8,112.0,6,266,55.1,4,0,5,0.3,43,DEF
Joël,Veltman,Brighton and Hove Albion,1,1,95,2874,39,274.6,532.8,148.0,5,545,95.8,8,0,6,1.4,42,DEF
Neal,Maupay,Brighton and Hove Albion,8,3,98,2269,31,357.3,367.4,672.0,11,295,137.4,7,0,7,4.3,62,FWD
Leandro,Trossard,Brighton and Hove Albion,8,4,141,2803,33,708.3,627.6,1020.0,16,465,235.4,11,0,2,2.8,59,MID
Robert,Sánchez,Brighton and Hove Albion,0,0,126,3330,42,30.0,804.6,0.0,8,679,83.4,11,1,3,14.5,45,GK
Yves,Bissouma,Brighton and Hove Albion,1,2,66,2110,28,167.1,425.6,126.0,9,351,71.8,7,0,10,4.8,44,MID
Tariq,Lamptey,Brighton and Hove Albion,0,2,74,1547,21,353.4,246.0,172.0,7,308,76.8,6,0,4,1.8,45,DEF
Aaron,Connolly,Brighton and Hove Albion,0,0,5,154,1,13.1,2.4,18.0,0,12,3.1,0,0,0,0.1,53,FWD
Steven,Alzate,Brighton and Hove Albion,0,0,13,401,7,40.8,70.2,21.0,0,77,13.3,0,0,0,0.0,48,MID
Alexis,Mac Allister,Brighton and Hove Albion,5,2,93,2112,29,455.6,494.0,540.0,8,398,148.8,6,0,4,0.5,51,MID
Jakub,Moder,Brighton and Hove Albion,0,3,58,1694,23,286.0,239.6,372.0,0,227,90.3,5,0,1,0.5,45,MID
Danny,Welbeck,Brighton and Hove Albion,6,4,89,1469,16,195.1,302.4,528.0,13,247,101.5,5,0,0,1.6,60,FWD
Enock,Mwepu,Brighton and Hove Albion,2,5,58,990,13,142.9,241.8,199.0,5,200,58.0,3,0,2,0.1,59,MID
Taylor,Richards,Brighton and Hove Albion,0,0,2,23,0,12.8,4.6,8.0,0,5,2.5,0,0,0,0.0,45,MID
Moisés,Caicedo,Brighton and Hove Albion,1,1,27,660,6,49.9,136.8,92.0,1,124,27.9,4,0,2,0.1,45,MID
Marc,Cucurella,Brighton and Hove Albion,1,1,126,3089,39,671.9,659.6,181.0,21,673,151.6,11,0,6,4.1,49,DEF
Jürgen,Locadia,Brighton and Hove Albion,0,0,1,22,0,1.1,0.0,3.0,0,0,0.1,0,0,0,0.9,44,FWD
Jeremy,Sarmiento,Brighton and Hove Albion,0,0,5,44,2,2.4,2.8,2.0,0,15,0.8,0,0,0,0.0,45,MID
Evan,Ferguson,Brighton and Hove Albion,0,0,1,22,1,4.8,2.0,2.0,0,4,0.9,0,0,0,0.4,45,FWD
James,Tarkowski,Burnley,1,2,83,3106,51,106.8,881.4,307.0,5,486,129.7,7,0,11,1.3,49,DEF
Erik,Pieters,Burnley,0,1,37,726,5,43.4,179.0,48.0,1,157,27.0,4,0,1,0.1,41,DEF
Jack,Cork,Burnley,1,0,48,1670,26,103.9,168.0,72.0,3,143,34.3,6,0,4,0.1,44,MID
Dale,Stephens,Burnley,0,0,4,123,0,12.4,12.8,1.0,0,11,2.6,1,0,1,0.0,44,MID
Kevin,Long,Burnley,0,0,7,408,7,0.2,28.4,20.0,0,31,4.9,0,0,1,0.2,40,DEF
Jay,Rodriguez,Burnley,2,3,60,1365,15,166.0,176.4,455.0,4,159,78.4,6,0,3,1.2,51,FWD
Ashley,Barnes,Burnley,1,0,32,793,19,90.7,77.0,192.0,2,60,34.5,1,0,4,1.1,52,FWD
Ben,Mee,Burnley,3,0,74,1839,25,63.4,463.8,238.0,3,325,76.6,6,0,3,0.6,46,DEF
Ashley,Westwood,Burnley,0,4,63,2286,40,517.1,298.2,153.0,2,303,96.5,4,0,7,0.2,52,MID
Johann Berg,Gudmundsson,Burnley,0,1,33,1097,19,137.5,134.0,193.0,0,100,46.5,3,0,2,0.1,54,MID
Matthew,Lowton,Burnley,1,3,65,1771,30,264.9,404.2,95.0,5,337,76.5,4,1,3,1.0,44,DEF
Matej,Vydra,Burnley,2,3,46,665,7,77.5,172.4,239.0,4,138,48.4,2,0,1,0.5,52,FWD
Nick,Pope,Burnley,0,0,130,3240,47,20.0,875.6,0.0,12,683,89.7,9,0,1,3.5,53,GK
Charlie,Taylor,Burnley,0,3,78,2730,48,310.5,552.8,50.0,8,454,91.3,5,0,3,0.7,44,DEF
Josh,Brownhill,Burnley,2,3,92,2952,45,560.8,565.8,277.0,8,428,140.6,7,0,10,3.6,43,MID
Dwight,McNeil,Burnley,0,1,84,3104,49,729.5,556.8,489.0,1,440,178.0,9,0,1,0.2,55,MID
Nathan,Collins,Burnley,2,0,55,1670,26,62.4,426.6,246.0,1,272,73.7,5,1,2,0.5,43,DEF
Wayne,Hennessey,Burnley,0,0,4,180,6,30.0,62.8,0.0,0,37,9.3,0,0,0,0.3,45,GK
Aaron,Lennon,Burnley,2,1,60,1541,25,136.2,190.2,218.0,1,172,54.1,4,0,2,0.1,46,MID
Maxwel,Cornet,Burnley,9,2,104,1764,24,246.9,390.2,547.0,9,242,118.4,5,0,2,0.8,58,MID
Connor,Roberts,Burnley,1,1,69,1689,23,195.6,299.4,98.0,6,313,59.3,6,0,2,0.6,44,DEF
Wout,Weghorst,Burnley,2,3,55,1448,20,188.0,203.0,360.0,6,134,74.9,6,0,3,4.0,62,FWD
César,Azpilicueta,Chelsea,1,3,87,2067,23,305.0,450.8,212.0,2,453,96.9,7,0,3,3.3,56,DEF
Thiago,Emiliano da Silva,Chelsea,3,1,130,2649,28,132.0,801.4,229.0,14,667,116.4,11,0,2,7.9,56,DEF
Marcos,Alonso,Chelsea,4,5,128,2164,22,677.3,560.2,566.0,14,528,180.6,9,0,8,15.3,57,DEF
Jorge Luiz,Frello Filho,Chelsea,6,2,106,2271,16,429.3,605.8,214.0,11,519,125.1,12,0,5,3.9,57,MID
Ross,Barkley,Chelsea,1,0,14,174,2,104.8,19.2,38.0,1,43,16.3,1,0,0,0.1,52,MID
Mateo,Kovacic,Chelsea,2,5,76,1552,11,407.4,409.6,198.0,7,348,101.5,8,0,4,1.7,49,MID
Antonio,Rüdiger,Chelsea,3,3,150,3035,27,257.4,581.6,484.0,10,661,132.3,15,0,9,18.8,61,DEF
Kepa,Arrizabalaga,Chelsea,0,0,19,360,2,0.0,95.6,0.0,1,89,9.6,2,0,0,0.3,45,GK
N'Golo,Kanté,Chelsea,2,5,79,1769,19,380.6,434.0,221.0,2,377,103.6,9,0,2,2.4,49,MID
Hakim,Ziyech,Chelsea,4,3,79,1311,12,429.5,350.6,482.0,9,281,126.0,7,0,3,0.8,73,MID
Ruben,Loftus-Cheek,Chelsea,0,3,52,1384,21,291.1,282.8,218.0,1,251,79.2,5,0,1,0.2,54,MID
Andreas,Christensen,Chelsea,0,0,69,1494,11,103.4,296.4,20.0,3,343,42.0,9,0,2,1.4,46,DEF
Timo,Werner,Chelsea,4,2,62,1278,17,153.1,207.6,773.0,5,175,112.7,5,0,1,2.3,85,FWD
Benjamin,Chilwell,Chelsea,3,1,55,541,2,161.0,175.6,202.0,5,161,54.0,4,0,0,3.0,56,DEF
Christian,Pulisic,Chelsea,6,2,77,1282,10,223.9,317.6,434.0,2,206,97.5,6,0,2,0.7,79,MID
Mason,Mount,Chelsea,11,11,169,2358,25,914.8,812.8,931.0,16,597,265.8,11,0,4,21.9,77,MID
Callum,Hudson-Odoi,Chelsea,1,4,49,958,8,326.9,175.4,326.0,1,163,82.7,6,0,1,0.2,53,MID
Kai,Havertz,Chelsea,8,4,112,1802,18,301.6,420.4,855.0,5,271,156.6,10,0,3,5.8,79,MID
Reece,James,Chelsea,5,9,141,1863,22,696.1,582.0,436.0,26,573,171.5,7,1,4,19.1,65,DEF
Edouard,Mendy,Chelsea,0,0,130,3060,31,0.0,564.8,0.0,3,573,56.1,14,0,3,11.4,61,GK
Malang,Sarr,Chelsea,0,0,30,544,7,45.1,113.4,1.0,4,141,15.9,4,0,2,0.2,49,DEF
Trevoh,Chalobah,Chelsea,3,1,99,1447,9,105.8,405.8,151.0,11,396,66.1,9,0,2,2.4,47,DEF
Romelu,Lukaku,Chelsea,8,1,87,1583,14,303.3,367.0,704.0,12,310,137.2,7,0,1,7.7,114,FWD
Saúl,Ñíguez,Chelsea,0,1,16,478,6,51.8,63.2,41.0,0,68,15.5,1,0,1,0.1,49,MID
Conor,Gallagher,Crystal Palace,8,6,140,2843,38,611.1,665.2,671.0,16,469,194.5,11,0,10,11.2,60,MID
Vicente,Guaita,Crystal Palace,0,0,119,2655,33,0.0,588.4,0.0,11,567,58.8,11,0,2,5.6,46,GK
James,Tomkins,Crystal Palace,1,0,17,545,11,22.0,140.4,88.0,2,97,25.1,0,0,2,0.1,43,DEF
James,McArthur,Crystal Palace,0,4,54,1434,15,256.5,324.0,120.0,5,288,70.0,5,0,4,1.1,43,MID
Christian,Benteke,Crystal Palace,4,1,58,1132,20,176.7,250.2,523.0,6,173,94.3,4,0,3,1.2,59,FWD
Cheikhou,Kouyaté,Crystal Palace,0,1,77,1970,28,85.5,312.4,41.0,5,395,44.0,8,0,3,0.6,45,DEF
Luka,Milivojevic,Crystal Palace,0,0,19,767,16,196.6,88.6,38.0,0,118,32.3,1,0,1,0.0,52,MID
Jordan,Ayew,Crystal Palace,3,4,77,2012,31,361.3,349.2,491.0,3,281,120.1,9,0,2,1.0,58,FWD
Wilfried,Zaha,Crystal Palace,14,2,150,2759,34,630.6,732.2,963.0,11,422,232.5,11,1,4,8.5,69,MID
Jeffrey,Schlupp,Crystal Palace,4,2,86,1840,19,238.5,403.6,461.0,2,297,110.4,8,0,1,0.1,54,MID
Jack,Butland,Crystal Palace,0,0,30,765,13,0.0,155.0,0.0,3,132,15.7,1,0,0,0.4,44,GK
Jairo,Riedewald,Crystal Palace,0,0,4,116,5,27.5,11.2,2.0,0,16,4.0,0,0,0,0.0,47,MID
Jean-Philippe,Mateta,Crystal Palace,5,1,61,1138,14,112.8,253.6,568.0,6,182,93.4,5,0,2,2.7,53,FWD
Eberechi,Eze,Crystal Palace,1,1,31,599,8,175.1,120.0,135.0,2,125,43.2,3,0,1,0.1,59,MID
Tyrick,Mitchell,Crystal Palace,0,2,109,3101,43,379.2,610.4,111.0,6,561,110.1,10,0,1,1.4,45,DEF
Will,Hughes,Crystal Palace,0,2,34,1050,16,141.1,155.8,60.0,2,164,35.8,4,0,6,0.1,47,MID
Michael,Olise,Crystal Palace,2,6,73,1127,14,389.0,308.2,269.0,8,287,96.5,4,0,4,0.2,53,MID
Joel,Ward,Crystal Palace,0,0,73,2486,37,132.2,440.4,58.0,2,422,63.2,9,0,8,0.2,45,DEF
Marc,Guéhi,Crystal Palace,2,1,123,3222,43,98.5,720.6,290.0,8,676,111.1,11,0,4,2.0,45,DEF
Joachim,Andersen,Crystal Palace,0,4,124,2914,37,233.2,610.8,142.0,14,619,98.6,12,0,4,2.7,47,DEF
Nathaniel,Clyne,Crystal Palace,0,1,59,1351,12,97.7,170.8,17.0,4,264,28.7,6,0,1,0.8,43,DEF
Odsonne,Edouard,Crystal Palace,6,4,87,1554,19,252.4,385.2,610.0,9,280,125.0,9,0,4,2.9,60,FWD
Anwar,El Ghazi,Everton,1,1,22,392,8,85.2,74.6,85.0,1,61,24.4,1,0,2,0.3,56,MID
Fabian,Delph,Everton,0,0,18,660,6,58.4,115.6,16.0,0,118,19.0,3,0,2,1.3,42,MID
Seamus,Coleman,Everton,1,1,79,2656,50,232.1,469.4,170.0,6,439,86.9,7,0,4,1.0,49,DEF
Michael,Keane,Everton,3,2,102,2791,54,96.9,676.4,229.0,11,518,100.4,8,1,2,2.7,46,DEF
Jordan,Pickford,Everton,0,0,116,3150,58,43.0,863.2,0.0,12,624,90.5,7,0,2,6.3,48,GK
Allan,Marques Loureiro,Everton,0,3,58,2181,38,228.4,391.4,82.0,2,313,70.4,6,1,7,2.9,43,MID
André Filipe,Tavares Gomes,Everton,0,1,18,614,19,85.2,84.0,136.0,0,47,30.6,0,0,3,0.1,49,MID
Abdoulaye,Doucouré,Everton,2,5,90,2536,47,285.7,476.8,441.0,8,387,120.6,5,0,6,1.2,53,MID
Alex,Iwobi,Everton,2,2,78,2029,38,489.7,361.8,351.0,6,312,120.1,6,0,1,0.3,58,MID
Yerry,Mina,Everton,0,0,24,844,10,18.2,164.8,66.0,0,133,24.6,2,0,3,0.3,49,DEF
Tom,Davies,Everton,1,0,12,230,9,8.0,51.4,90.0,0,44,15.0,0,0,1,0.1,48,MID
Dominic,Calvert-Lewin,Everton,5,2,64,1281,31,123.2,236.4,441.0,10,207,79.9,3,0,2,3.0,77,FWD
Mason,Holgate,Everton,2,2,62,2133,42,41.8,414.6,120.0,2,312,57.6,5,1,7,1.6,42,DEF
Ben,Godfrey,Everton,0,0,45,2029,39,164.6,416.0,222.0,1,318,80.5,4,0,6,0.4,47,DEF
Richarlison,de Andrade,Everton,10,6,125,2522,46,383.7,651.4,1010.0,19,413,203.9,7,0,9,12.3,76,FWD
Donny,van de Beek,Everton,2,0,31,550,14,76.5,116.4,85.0,1,119,27.8,2,0,1,0.3,57,MID
Bamidele,Alli,Everton,1,0,35,985,23,132.0,178.6,125.0,1,103,43.6,3,0,4,1.0,62,MID
Asmir,Begović,Everton,0,0,13,270,8,0.0,53.0,0.0,3,61,5.3,1,0,0,2.3,40,GK
Andros,Townsend,Everton,3,2,66,1452,30,468.9,351.6,221.0,8,252,103.9,3,0,3,2.1,52,MID
Demarai,Gray,Everton,5,5,106,2336,39,641.6,479.2,731.0,3,397,185.3,6,0,3,5.2,54,MID
Jonjoe,Kenny,Everton,0,1,21,1015,24,157.1,147.4,42.0,0,147,34.7,1,1,1,0.1,43,DEF
Anthony,Gordon,Everton,4,3,100,2277,40,512.2,456.8,632.0,9,325,160.2,7,0,4,5.7,47,MID
Jean-Philippe,Gbamin,Everton,0,0,3,65,2,0.6,7.0,0.0,0,10,0.8,0,0,0,0.0,44,MID
Jarrad,Branthwaite,Everton,1,0,7,387,17,2.3,69.8,44.0,1,49,11.7,0,1,0,0.3,40,DEF
Salomón,Rondón,Everton,1,1,30,779,16,108.9,94.2,339.0,2,73,53.8,2,1,2,0.2,60,FWD
Lewis,Dobbin,Everton,0,0,2,30,1,0.9,2.4,4.0,0,6,0.8,0,0,1,0.9,45,FWD
Vitalii,Mykolenko,Everton,1,1,42,1054,17,138.8,187.4,66.0,3,177,39.4,3,0,0,1.2,49,DEF
Isaac,Price,Everton,0,0,1,13,1,0.0,0.0,0.0,0,-2,0.0,0,0,0,0.0,45,MID
Kasper,Schmeichel,Leicester City,0,0,131,3330,58,11.2,1064.0,0.0,12,706,107.8,7,0,1,18.2,50,GK
Jonny,Evans,Leicester City,1,1,39,1346,23,46.7,339.2,73.0,0,257,45.9,2,0,3,0.3,54,DEF
Marc,Albrighton,Leicester City,1,2,40,1127,24,208.6,236.2,51.0,2,169,49.7,2,0,3,0.1,52,MID
Nampalys,Mendy,Leicester City,0,0,24,1032,15,42.7,85.4,7.0,0,147,13.6,2,0,3,1.1,43,MID
Danny,Ward,Leicester City,0,0,3,90,1,0.0,32.4,0.0,0,17,3.2,0,0,0,3.4,40,GK
Jamie,Vardy,Leicester City,15,3,133,1801,27,227.9,560.4,722.0,24,480,150.2,4,0,2,12.0,103,FWD
Ricardo Domingos,Barbosa Pereira,Leicester City,1,3,35,990,20,128.1,252.0,120.0,3,202,50.1,1,0,3,1.5,52,DEF
Daniel,Amartey,Leicester City,0,0,55,2118,40,69.1,458.6,20.0,4,422,54.7,5,0,4,10.9,40,DEF
Timothy,Castagne,Leicester City,1,0,75,2124,30,224.7,426.0,92.0,6,365,74.4,6,0,1,1.5,53,DEF
Youri,Tielemans,Leicester City,6,4,120,2629,42,577.1,714.6,442.0,14,532,172.9,6,0,3,3.5,64,MID
Ayoze,Pérez,Leicester City,2,3,35,438,15,128.1,100.8,146.0,2,101,37.0,1,1,0,0.1,57,MID
James,Maddison,Leicester City,12,11,181,2454,41,664.1,767.4,753.0,24,637,218.3,5,0,3,16.3,69,MID
Kelechi,Iheanacho,Leicester City,4,6,80,1253,25,242.7,292.0,390.0,10,246,92.2,1,0,1,3.2,70,FWD
Hamza,Choudhury,Leicester City,0,0,8,284,4,2.8,43.0,6.0,0,41,5.3,1,0,1,0.1,44,MID
Harvey,Barnes,Leicester City,6,12,137,2095,30,413.0,525.2,975.0,10,377,191.0,8,0,2,4.2,65,MID
Wilfred,Ndidi,Leicester City,0,1,41,1617,26,66.0,322.0,179.0,0,240,57.0,5,0,4,0.8,48,MID
Çaglar,Söyüncü,Leicester City,1,0,66,2497,44,64.7,606.4,90.0,6,454,76.2,5,0,5,2.1,49,DEF
James,Justin,Leicester City,0,0,29,996,13,129.4,178.4,97.0,1,167,40.7,2,0,0,0.6,49,DEF
Luke,Thomas,Leicester City,0,1,50,1911,35,198.5,406.2,59.0,1,349,66.6,5,0,2,0.8,43,DEF
Wesley,Fofana,Leicester City,0,0,17,630,7,29.8,109.6,23.0,2,112,16.3,1,0,2,0.9,43,DEF
Jannik,Vestergaard,Leicester City,0,0,11,563,16,15.2,159.2,15.0,0,115,19.0,1,0,2,0.4,47,DEF
Patson,Daka,Leicester City,5,3,70,1152,20,166.2,287.8,460.0,8,216,90.9,3,0,2,1.4,70,FWD
Boubakary,Soumaré,Leicester City,0,1,36,1095,27,98.6,142.6,40.0,1,153,28.1,2,0,0,0.1,48,MID
Ryan,Bertrand,Leicester City,0,0,4,337,7,14.8,48.0,8.0,0,32,7.2,0,0,1,0.3,46,DEF
Kiernan,Dewsbury-Hall,Leicester City,1,2,70,2101,27,494.2,373.8,219.0,4,337,108.9,8,0,4,1.6,44,MID
Ademola,Lookman,Leicester City,6,0,76,1446,31,301.9,363.0,516.0,6,225,117.9,2,0,2,0.3,59,MID
Lewis,Brunt,Leicester City,0,0,1,23,1,1.5,2.0,2.0,0,2,0.6,0,0,0,0.0,45,MID
Liam,Cooper,Leeds United,0,2,60,1814,26,53.3,406.4,65.0,5,352,52.7,5,0,5,0.3,44,DEF
Luke,Ayling,Leeds United,2,3,55,2272,66,186.5,603.2,238.0,8,405,102.5,2,1,4,2.8,43,DEF
Mateusz,Klich,Leeds United,1,2,61,2071,52,432.9,337.2,476.0,4,277,124.3,1,0,5,0.3,51,MID
Rodrigo,Moreno,Leeds United,6,2,85,2263,37,533.1,422.8,581.0,11,351,153.6,5,0,9,2.1,63,FWD
Stuart,Dallas,Leeds United,1,1,80,2920,66,509.6,615.8,288.0,6,473,141.8,5,0,5,2.7,49,MID
Patrick,Bamford,Leeds United,2,2,28,557,14,69.0,125.8,289.0,2,90,47.9,0,0,2,2.8,77,FWD
Diego,Llorente,Leeds United,3,0,77,2341,44,39.8,515.4,142.0,6,432,70.0,5,0,7,0.4,45,DEF
Kalvin,Phillips,Leeds United,0,1,39,1594,25,137.0,249.0,99.0,1,209,48.8,3,0,4,0.9,47,MID
Tyler,Roberts,Leeds United,1,1,34,976,26,189.8,160.4,296.0,1,105,64.9,1,0,5,0.1,48,MID
Robin,Koch,Leeds United,0,0,23,1572,40,67.4,196.2,113.0,0,186,37.9,1,0,3,0.1,43,DEF
Raphael,Dias Belloli,Leeds United,11,4,145,2916,68,898.8,728.2,872.0,14,457,250.1,5,0,7,11.6,63,MID
Jamie,Shackleton,Leeds United,0,1,19,704,14,29.0,126.6,62.0,0,94,21.9,1,0,4,0.1,44,MID
Pascal,Struijk,Leeds United,1,1,35,2050,53,124.6,479.2,191.0,0,339,79.6,1,1,6,0.2,43,DEF
Illan,Meslier,Leeds United,0,0,106,3384,79,0.0,1059.6,0.0,8,713,105.8,5,0,2,2.0,48,GK
Jack,Harrison,Leeds United,8,1,117,2638,68,582.1,569.0,647.0,12,408,179.0,3,0,3,1.5,55,MID
Daniel,James,Leeds United,4,5,91,2489,51,348.1,336.4,810.0,2,221,148.1,5,1,7,0.5,60,MID
Héctor Junior,Firpo Adames,Leeds United,0,2,22,1709,49,287.0,310.0,139.0,4,219,73.5,1,0,11,0.3,47,DEF
Sam,Greenwood,Leeds United,0,2,15,231,5,45.0,51.6,34.0,0,54,13.0,0,0,0,3.1,46,FWD
Crysencio,Summerville,Leeds United,0,0,6,126,1,32.0,18.6,36.0,0,20,8.6,0,0,0,0.0,45,MID
Adam,Forshaw,Leeds United,0,1,38,1526,41,195.3,217.2,119.0,0,204,53.3,2,0,5,0.1,45,MID
Cody,Drameh,Leeds United,0,0,0,126,6,16.5,20.0,4.0,0,14,4.0,0,0,1,0.1,39,DEF
Charlie,Cresswell,Leeds United,0,0,4,140,4,0.6,29.2,4.0,0,19,3.3,0,0,1,0.3,40,DEF
Liam,McCarron,Leeds United,0,0,1,9,1,0.0,0.0,0.0,0,3,0.0,0,0,0,0.0,44,MID
Joe,Gelhardt,Leeds United,2,4,43,733,25,115.2,148.0,410.0,3,129,67.0,1,0,4,4.1,47,FWD
Leo Fuhr,Hjelde,Leeds United,0,0,2,148,5,12.8,45.6,2.0,0,29,6.1,0,0,0,0.0,40,DEF
Lewis,Bate,Leeds United,0,0,3,145,4,2.8,5.4,1.0,0,4,0.8,0,0,0,0.0,45,MID
James,Milner,Liverpool,0,1,38,844,6,327.8,229.2,74.0,1,196,63.2,4,0,2,0.1,49,MID
Jordan,Henderson,Liverpool,2,5,110,2592,22,644.7,478.6,247.0,9,507,136.8,15,0,3,1.8,49,MID
Joel,Matip,Liverpool,3,3,170,2790,21,170.6,678.6,478.0,20,763,132.8,17,0,2,10.1,53,DEF
Thiago,Alcántara do Nascimento,Liverpool,1,4,69,1527,7,410.1,394.6,274.0,3,338,108.2,11,0,2,0.6,53,MID
Alex,Oxlade-Chamberlain,Liverpool,2,1,42,777,7,170.0,162.8,208.0,2,148,54.0,3,0,0,0.2,58,MID
Roberto,Firmino,Liverpool,5,4,62,980,9,226.1,312.6,471.0,5,270,101.0,5,0,3,2.4,87,FWD
Virgil,van Dijk,Liverpool,3,3,183,3060,21,150.3,726.4,455.0,13,803,133.1,21,0,3,17.8,68,DEF
Sadio,Mané,Liverpool,16,5,183,2818,24,592.5,763.2,1533.0,10,526,288.7,17,0,5,4.8,118,MID
Alisson,Ramses Becker,Liverpool,0,1,176,3240,24,10.0,688.0,0.0,15,782,69.8,20,0,0,9.4,61,GK
Fabio Henrique,Tavares,Liverpool,5,1,97,2311,18,282.2,501.8,310.0,7,438,109.4,15,0,7,0.9,54,MID
Mohamed,Salah,Liverpool,23,14,265,2758,22,874.1,1203.8,2091.0,29,756,417.0,17,0,1,41.0,131,MID
Andrew,Robertson,Liverpool,3,11,186,2537,20,882.7,660.2,329.0,23,770,187.4,17,1,5,11.6,73,DEF
Takumi,Minamino,Liverpool,3,0,28,178,1,33.8,117.4,104.0,2,89,25.4,0,0,1,0.1,51,MID
Trent,Alexander-Arnold,Liverpool,2,12,208,2853,22,1362.8,837.2,478.0,32,864,268.1,18,0,2,37.9,84,DEF
Joseph,Gomez,Liverpool,0,1,22,330,3,64.0,76.6,13.0,2,92,15.4,2,0,2,0.4,47,DEF
Naby,Keita,Liverpool,3,2,65,1169,6,229.6,295.8,232.0,4,262,75.9,8,0,3,0.2,50,MID
Diogo,Jota,Liverpool,15,7,175,2357,19,535.5,734.8,1327.0,8,483,258.8,14,0,3,17.3,83,MID
Caoimhin,Kelleher,Liverpool,0,0,8,180,2,0.0,46.2,0.0,0,52,4.6,1,0,0,0.1,43,GK
Ibrahima,Konaté,Liverpool,0,0,33,990,10,19.7,197.4,20.0,0,208,23.7,4,0,2,1.4,51,DEF
Curtis,Jones,Liverpool,1,1,40,849,9,179.7,156.4,171.0,3,177,50.8,4,0,0,0.1,50,MID
Konstantinos,Tsimikas,Liverpool,0,2,42,874,6,401.1,214.4,141.0,2,202,75.8,4,0,3,12.4,37,DEF
Neco,Williams,Liverpool,0,1,4,7,0,11.1,18.2,2.0,0,17,3.1,0,0,0,0.5,38,DEF
Harvey,Elliott,Liverpool,0,0,12,344,2,133.5,43.2,102.0,0,52,27.9,2,0,0,0.1,53,MID
Tyler,Morton,Liverpool,0,0,1,65,1,2.4,2.8,0.0,0,4,0.6,0,0,1,0.0,45,MID
Luis,Díaz,Liverpool,4,3,64,957,4,245.6,273.8,530.0,6,227,105.1,6,0,0,8.0,81,MID
Jack,Grealish,Manchester City,3,3,86,1910,8,730.6,394.4,923.0,2,359,204.8,15,0,3,7.1,75,MID
Kyle,Walker,Manchester City,0,2,85,1755,14,247.8,274.2,110.0,5,403,63.2,10,0,1,4.7,54,DEF
Ilkay,Gündogan,Manchester City,8,5,124,1851,10,612.0,484.0,728.0,10,488,182.6,14,0,1,2.6,71,MID
Kevin,De Bruyne,Manchester City,15,8,196,2196,22,1147.6,973.4,845.0,33,732,296.8,13,0,2,18.6,121,MID
John,Stones,Manchester City,1,0,70,1117,6,65.9,204.6,110.0,4,290,38.0,9,0,0,2.6,52,DEF
Benjamin,Mendy,Manchester City,0,0,3,78,1,29.1,15.2,2.0,1,22,4.6,0,0,0,0.3,52,DEF
Riyad,Mahrez,Manchester City,11,7,135,1485,14,603.3,609.6,814.0,12,477,202.3,7,0,0,4.0,86,MID
Raheem,Sterling,Manchester City,13,7,163,2121,17,588.2,709.8,1184.0,15,468,248.4,13,0,1,2.6,105,MID
João Pedro Cavaco,Cancelo,Manchester City,1,11,201,3227,25,750.1,778.6,797.0,27,829,232.8,19,0,7,41.4,72,DEF
Ederson,Santana de Moraes,Manchester City,0,0,155,3330,26,0.0,556.0,0.0,4,701,55.6,20,0,3,12.1,62,GK
Nathan,Aké,Manchester City,2,0,54,919,3,58.9,245.0,75.0,0,234,37.9,5,0,0,0.5,47,DEF
Aymeric,Laporte,Manchester City,4,2,160,2830,24,197.4,641.0,331.0,8,714,116.7,18,1,5,11.0,60,DEF
Bernardo Mota,Veiga de Carvalho e Silva,Manchester City,8,8,155,2856,23,849.7,729.6,950.0,15,663,253.5,16,0,6,14.0,70,MID
Rúben Santos,Gato Alves Dias,Manchester City,2,5,141,2401,18,225.2,581.2,268.0,12,622,107.6,14,0,5,15.5,62,DEF
Gabriel Fernando,de Jesus,Manchester City,8,8,120,1871,15,508.4,563.6,1075.0,16,488,214.6,11,0,1,10.2,86,FWD
Oleksandr,Zinchenko,Manchester City,0,4,59,1044,9,256.6,234.2,103.0,4,284,59.5,5,0,0,1.5,53,DEF
Phil,Foden,Manchester City,9,6,137,2125,16,670.4,563.2,920.0,11,483,215.7,13,0,1,7.6,79,MID
Rodrigo,Hernandez,Manchester City,7,2,127,2884,22,525.5,716.6,435.0,9,618,168.1,17,0,5,1.9,55,MID
Ferran,Torres,Manchester City,2,1,26,303,1,30.0,88.6,204.0,2,65,32.3,3,0,0,1.9,67,MID
Fernando,Luiz Rosa,Manchester City,2,1,45,956,12,172.9,220.8,147.0,2,209,54.2,3,0,1,0.3,47,MID
James,McAtee,Manchester City,0,0,2,18,0,0.2,0.0,0.0,0,3,0.0,0,0,0,0.0,44,MID
Conrad,Egan-Riley,Manchester City,0,0,1,3,0,0.0,2.2,0.0,0,5,0.2,0,0,0,0.0,40,DEF
Kayky da Silva,Chagas,Manchester City,0,0,1,6,0,0.3,0.0,0.0,0,2,0.0,0,0,0,0.0,50,FWD
Liam,Delap,Manchester City,0,0,1,8,0,0.0,0.0,2.0,0,2,0.1,0,0,0,0.2,45,FWD
Edinson,Cavani,Manchester United,2,1,34,760,10,73.7,109.0,283.0,2,105,46.7,1,0,0,1.6,84,FWD
David,de Gea,Manchester United,0,0,132,3420,57,0.3,947.2,0.0,7,667,94.2,8,0,0,8.5,50,GK
Nemanja,Matic,Manchester United,0,4,52,1375,26,216.9,302.6,45.0,3,271,56.5,2,0,3,0.5,43,MID
Paul,Pogba,Manchester United,1,9,65,1347,22,355.1,332.6,328.0,6,254,101.4,2,1,7,6.3,74,MID
Harry,Maguire,Manchester United,1,0,69,2513,43,75.9,560.8,314.0,4,451,95.1,7,1,7,4.3,54,DEF
Frederico,Rodrigues de Paula Santos,Manchester United,4,5,93,2026,31,390.2,583.4,201.0,8,426,117.5,7,0,5,0.8,49,MID
Luke,Shaw,Manchester United,0,3,46,1600,24,586.1,292.0,54.0,3,276,93.3,3,0,8,10.8,50,DEF
Jesse,Lingard,Manchester United,2,0,29,354,13,109.5,115.8,102.0,1,105,32.7,0,0,1,0.9,67,MID
Bruno Miguel,Borges Fernandes,Manchester United,10,7,151,3110,54,1275.5,901.0,853.0,15,626,303.3,8,0,10,13.5,116,MID
Anthony,Martial,Manchester United,1,0,14,207,3,17.5,40.4,91.0,2,40,14.6,0,0,0,0.5,76,FWD
Alex Nicolao,Telles,Manchester United,0,4,67,1658,26,437.3,382.4,95.0,6,345,91.5,5,0,1,0.8,49,DEF
Marcus,Rashford,Manchester United,4,2,63,1224,28,155.4,233.8,406.0,0,171,79.4,2,0,2,0.6,94,MID
Axel,Tuanzebe,Manchester United,0,0,14,505,10,1.1,71.2,43.0,0,86,11.5,1,0,1,0.3,44,DEF
Victor,Lindelöf,Manchester United,0,2,66,2353,47,75.4,433.2,66.0,4,471,57.6,6,0,4,0.5,48,DEF
Scott,McTominay,Manchester United,1,2,68,2386,37,311.8,463.4,258.0,2,346,103.4,8,0,9,0.3,54,MID
Eric,Bailly,Manchester United,0,0,2,216,4,1.0,36.0,0.0,0,22,3.7,0,0,1,0.1,49,DEF
Aaron,Wan-Bissaka,Manchester United,0,0,41,1793,35,237.0,371.8,123.0,3,329,73.3,3,0,2,2.9,51,DEF
Mason,Greenwood,Manchester United,5,2,71,1269,18,266.1,292.2,516.0,7,232,107.3,3,0,1,3.9,71,MID
Juan,Mata,Manchester United,0,0,10,230,4,52.1,31.0,57.0,0,50,14.0,1,0,0,0.1,47,MID
Jadon,Sancho,Manchester United,3,4,91,1894,28,596.7,363.2,549.0,9,362,150.9,6,0,0,2.1,89,MID
José Diogo,Dalot Teixeira,Manchester United,0,0,54,1797,29,282.2,404.0,124.0,5,382,80.9,5,0,4,1.4,42,DEF
Anthony,Elanga,Manchester United,2,3,59,1208,17,168.2,199.8,297.0,2,193,66.6,4,0,0,0.8,48,MID
Raphaël,Varane,Manchester United,1,1,75,1829,22,60.0,402.4,119.0,9,378,58.5,5,0,0,2.3,55,DEF
Cristiano Ronaldo,dos Santos Aveiro,Manchester United,18,3,159,2454,41,421.9,800.4,1535.0,29,608,274.6,8,0,8,18.1,122,FWD
Phil,Jones,Manchester United,0,0,4,161,3,1.6,53.0,0.0,0,41,5.5,0,0,0,0.0,45,DEF
Hannibal,Mejbri,Manchester United,0,0,1,67,2,0.6,0.0,0.0,0,-2,0.0,0,0,2,0.0,45,MID
Alejandro,Garnacho Ferreyra,Manchester United,0,0,2,12,0,0.0,0.0,0.0,0,5,0.0,0,0,0,0.0,45,MID
Shola,Shoretire,Manchester United,0,0,1,15,0,0.0,0.0,0.0,0,3,0.0,0,0,0,0.0,45,MID
Joseph,Willock,Newcastle United,2,3,79,2037,37,243.2,320.4,449.0,3,248,101.3,6,0,0,0.8,53,MID
Matt,Targett,Newcastle United,1,2,101,2871,47,623.8,567.4,184.0,7,530,137.6,9,0,3,2.8,47,DEF
Dan,Burn,Newcastle United,1,1,92,2461,30,83.7,569.8,264.0,6,454,91.6,9,0,8,1.1,44,DEF
Chris,Wood,Newcastle United,5,0,91,2694,41,265.3,270.6,784.0,8,228,130.1,6,0,1,1.8,63,FWD
Jonjo,Shelvey,Newcastle United,2,1,63,1981,30,246.7,320.8,156.0,6,292,72.6,6,1,5,0.1,53,MID
Matt,Ritchie,Newcastle United,0,2,20,1333,37,420.1,225.0,92.0,0,207,73.9,0,0,5,0.2,49,DEF
Ciaran,Clark,Newcastle United,0,1,14,1012,27,49.9,189.2,95.0,1,131,33.1,0,1,2,0.1,44,DEF
Karl,Darlow,Newcastle United,0,0,20,720,15,0.0,157.0,0.0,3,110,15.8,0,0,1,0.3,45,GK
Martin,Dubravka,Newcastle United,0,0,96,2340,35,10.0,566.4,0.0,9,465,57.7,8,0,1,2.8,44,GK
Callum,Wilson,Newcastle United,8,0,75,1386,32,116.0,248.8,434.0,14,220,78.2,3,0,4,1.5,71,FWD
Jeff,Hendrick,Newcastle United,1,0,8,69,3,12.1,38.8,9.0,0,25,6.0,0,0,0,0.0,48,MID
Ryan,Fraser,Newcastle United,2,5,78,1459,23,428.1,250.2,324.0,8,263,99.2,5,0,3,0.3,51,MID
Jamaal,Lascelles,Newcastle United,1,1,47,2055,44,46.4,399.8,276.0,2,284,71.9,3,0,5,0.2,44,DEF
Paul,Dummett,Newcastle United,0,0,7,197,1,1.9,24.2,0.0,0,28,2.6,1,0,2,0.0,45,DEF
Javier,Manquillo,Newcastle United,1,3,38,1258,27,65.4,244.2,64.0,0,206,37.7,1,0,5,4.6,39,DEF
Emil,Krafth,Newcastle United,0,1,58,1636,20,102.7,270.4,54.0,3,262,42.9,6,0,5,0.2,43,DEF
Jacob,Murphy,Newcastle United,1,4,62,1457,35,280.2,261.6,275.0,0,215,81.4,2,0,4,0.4,46,MID
Fabian,Schär,Newcastle United,2,2,88,2158,32,115.9,465.2,234.0,10,383,81.7,6,0,4,2.5,41,DEF
Isaac,Hayden,Newcastle United,1,0,28,1000,25,33.6,187.6,66.0,3,124,28.3,0,0,5,0.1,45,MID
Allan,Saint-Maximin,Newcastle United,5,7,116,2804,54,649.7,554.8,841.0,15,394,204.9,9,0,6,10.9,67,FWD
Miguel,Almirón,Newcastle United,1,0,59,1706,32,234.7,224.6,343.0,0,228,80.5,6,0,2,0.2,50,MID
Sean,Longstaff,Newcastle United,1,1,48,1458,29,114.8,230.4,93.0,1,206,44.0,2,0,1,0.5,43,MID
Joelinton Cássio,Apolinário de Lira,Newcastle United,4,2,83,2554,46,386.4,529.6,583.0,7,323,149.5,7,0,8,1.7,59,FWD
Jamal,Lewis,Newcastle United,0,0,10,261,4,13.8,39.4,2.0,0,39,5.6,1,0,1,0.1,42,DEF
Federico,Fernández,Newcastle United,0,1,11,521,12,13.8,129.4,69.0,0,91,21.2,0,0,0,0.1,43,DEF
Freddie,Woodman,Newcastle United,0,0,9,360,12,0.0,89.4,0.0,0,64,9.0,0,0,0,0.3,43,GK
Kieran,Trippier,Newcastle United,2,0,28,429,5,121.7,146.2,14.0,3,101,28.3,1,0,0,0.3,49,DEF
Bruno,Guimarães Rodriguez Moura,Newcastle United,5,1,67,1031,13,188.8,385.4,301.0,11,245,87.7,4,0,4,2.8,50,MID
Billy,Gilmour,Norwich City,0,1,49,1852,52,458.7,280.2,134.0,1,283,87.2,2,0,2,3.0,43,MID
Brandon,Williams,Norwich City,0,1,36,2119,52,289.3,371.0,80.0,4,346,74.5,2,0,8,4.6,39,DEF
Tim,Krul,Norwich City,0,0,90,2610,62,13.4,749.8,0.0,11,527,76.4,5,0,1,1.4,45,GK
Teemu,Pukki,Norwich City,11,3,142,3253,79,355.7,527.4,1049.0,19,441,193.2,6,0,4,9.6,61,FWD
Lukas,Rupp,Norwich City,0,0,23,759,16,129.6,89.4,115.0,0,112,33.3,0,0,0,0.2,44,MID
Kenny,McLean,Norwich City,1,0,69,2707,62,184.9,346.6,355.0,0,308,88.8,6,0,3,0.1,49,MID
Grant,Hanley,Norwich City,1,0,71,2897,70,73.4,746.6,220.0,4,508,104.1,6,0,2,0.2,44,DEF
Sam,Byram,Norwich City,0,0,20,1023,27,57.9,213.0,121.0,0,163,39.3,2,0,3,0.0,44,DEF
Kieran,Dowell,Norwich City,1,1,41,905,24,243.3,133.8,80.0,1,122,45.4,2,0,0,0.1,51,MID
Christoph,Zimmermann,Norwich City,0,0,0,156,8,0.5,19.8,7.0,0,16,2.8,0,0,0,0.0,44,DEF
Todd,Cantwell,Norwich City,0,0,10,438,15,48.5,34.4,20.0,0,48,10.3,0,0,2,0.2,53,MID
Max,Aarons,Norwich City,0,2,55,2879,69,315.2,497.0,166.0,2,413,97.4,4,0,8,0.9,43,DEF
Jacob,Sørensen,Norwich City,0,0,9,600,18,12.2,104.6,86.0,0,92,20.4,0,0,0,0.0,43,MID
Przemyslaw,Placheta,Norwich City,0,0,18,499,12,77.2,61.0,139.0,0,60,27.9,1,0,1,0.0,47,MID
Adam,Idah,Norwich City,1,2,36,617,11,84.0,120.2,187.0,3,107,38.5,1,0,0,0.5,48,FWD
Andrew,Omobamidele,Norwich City,1,0,14,381,9,5.7,126.4,35.0,3,74,16.8,0,0,1,2.0,39,DEF
Angus,Gunn,Norwich City,0,0,31,810,22,0.0,305.4,0.0,3,177,30.6,1,0,0,1.8,40,GK
Milot,Rashica,Norwich City,1,2,70,2228,56,488.5,286.8,437.0,0,191,121.4,4,0,0,0.1,52,MID
Ben,Gibson,Norwich City,0,0,53,2494,57,46.7,549.8,139.0,0,412,73.8,6,1,3,0.1,44,DEF
Dimitris,Giannoulis,Norwich City,0,1,39,1165,27,131.1,255.2,51.0,2,241,43.8,4,0,2,0.1,44,DEF
Pierre,Lees-Melou,Norwich City,1,2,70,2261,55,377.2,357.0,239.0,1,341,97.1,5,0,5,0.1,48,MID
Bali,Mumba,Norwich City,0,0,0,45,3,3.3,9.6,0.0,0,6,1.3,0,0,0,0.2,39,DEF
Joshua,Sargent,Norwich City,2,2,60,1566,33,166.7,189.0,323.0,3,205,68.0,4,0,1,0.2,54,FWD
Christos,Tzolis,Norwich City,0,0,16,326,9,97.0,38.6,107.0,0,58,24.1,0,0,0,0.0,48,MID
Ozan,Kabak,Norwich City,0,0,18,923,25,23.9,166.2,65.0,0,137,25.6,2,0,2,0.0,43,DEF
Mathias,Normann,Norwich City,1,2,52,1643,40,208.2,273.0,111.0,3,206,58.9,4,0,6,0.1,45,MID
Jonathan,Rowe,Norwich City,0,1,16,208,5,62.1,42.0,48.0,0,39,15.2,0,0,0,0.0,44,MID
Tony,Springett,Norwich City,0,0,3,140,6,21.7,14.4,27.0,0,11,6.3,0,0,1,0.0,45,MID
Fraser,Forster,Southampton,0,0,57,1710,35,0.0,559.8,0.0,6,330,56.2,3,0,1,1.2,44,GK
Alex,McCarthy,Southampton,0,0,55,1530,27,10.0,320.2,0.0,3,286,33.1,5,0,1,1.2,43,GK
Oriol,Romeu Vidal,Southampton,2,2,88,2890,52,521.5,527.4,247.0,6,487,129.8,7,0,9,0.5,45,MID
Nathan,Redmond,Southampton,1,6,79,1827,33,506.7,330.4,289.0,6,313,112.6,4,0,0,0.1,59,MID
Jack,Stephens,Southampton,0,0,12,810,19,47.7,176.0,6.0,0,135,23.1,1,0,3,0.1,44,DEF
Stuart,Armstrong,Southampton,2,1,57,1465,30,363.7,249.4,369.0,3,239,98.2,3,0,1,0.2,58,MID
James,Ward-Prowse,Southampton,10,5,159,3215,65,1159.6,933.6,394.0,21,769,248.9,7,1,3,5.3,64,MID
Kyle,Walker-Peters,Southampton,1,3,82,2630,49,364.1,465.2,423.0,7,481,124.9,6,0,5,1.1,48,DEF
Jan,Bednarek,Southampton,4,0,94,2629,52,88.1,699.6,321.0,15,499,111.2,7,0,10,1.4,44,DEF
Che,Adams,Southampton,7,4,103,2034,40,337.0,425.8,800.0,11,333,156.4,5,0,0,2.6,65,FWD
Nathan,Tella,Southampton,0,2,29,802,18,102.2,79.4,138.0,0,81,31.7,1,0,2,0.0,47,MID
William,Smallbone,Southampton,0,0,5,132,5,15.7,7.2,8.0,0,25,3.1,0,0,0,0.0,45,MID
Ibrahima,Diallo,Southampton,0,3,44,1016,21,209.6,177.6,79.0,3,187,46.6,1,0,1,0.1,45,MID
Moussa,Djenepo,Southampton,0,0,13,452,10,87.0,45.2,126.0,0,21,25.8,1,0,3,0.0,52,MID
Mohammed,Salisu,Southampton,0,0,58,2971,58,132.3,720.0,330.0,4,478,117.9,6,1,8,0.2,45,DEF
Romain,Perraud,Southampton,0,1,38,1621,33,152.7,195.2,178.0,1,189,52.4,3,0,3,0.1,48,DEF
Tino,Livramento,Southampton,1,2,80,2200,42,327.4,437.2,221.0,7,440,98.8,7,0,2,6.6,42,DEF
Mohamed,Elyounoussi,Southampton,4,3,90,2039,35,331.1,379.8,719.0,6,243,142.8,8,0,4,0.2,54,MID
Armando,Broja,Southampton,6,2,92,1969,37,159.2,280.2,720.0,11,234,115.6,5,0,2,7.9,53,FWD
Shane,Long,Southampton,1,0,19,300,5,29.2,57.8,169.0,0,48,25.5,0,0,1,0.2,54,FWD
Adam,Armstrong,Southampton,2,3,57,1409,31,173.9,179.2,567.0,3,150,91.3,4,0,1,1.4,57,FWD
Yan,Valery,Southampton,0,0,9,369,7,20.4,70.8,2.0,0,62,9.3,1,0,0,0.8,39,DEF
Lyanco Evangelista,Silveira Neves Vojnovic,Southampton,0,0,19,906,20,35.3,194.2,58.0,1,155,28.7,1,0,2,0.0,44,DEF
Willy,Caballero,Southampton,0,0,2,180,5,0.0,53.2,0.0,0,23,5.4,0,0,1,0.0,42,GK
Hugo,Lloris,Tottenham Hotspur,0,0,158,3420,40,23.0,743.6,0.0,11,703,76.6,16,0,2,8.5,55,GK
Harry,Kane,Tottenham Hotspur,17,11,192,3231,40,637.9,969.4,1701.0,23,684,330.4,14,0,5,23.4,125,FWD
Heung-Min,Son,Tottenham Hotspur,23,10,258,3009,30,1037.8,1128.6,1211.0,27,819,338.2,18,0,2,35.6,112,MID
Matt,Doherty,Tottenham Hotspur,2,5,67,871,11,224.4,279.6,291.0,8,255,79.6,3,0,0,0.8,45,DEF
Eric,Dier,Tottenham Hotspur,0,1,132,3071,30,116.3,710.6,195.0,7,680,102.2,16,0,1,6.5,47,DEF
Lucas,Rodrigues Moura da Silva,Tottenham Hotspur,2,6,87,1763,21,466.2,370.6,431.0,4,324,126.7,8,0,4,1.3,59,MID
Ben,Davies,Tottenham Hotspur,1,2,105,2537,30,199.6,482.2,243.0,3,490,92.8,12,0,6,3.1,45,DEF
Pierre-Emile,Højbjerg,Tottenham Hotspur,2,3,109,3196,34,413.6,690.0,315.0,6,616,141.9,16,0,3,2.6,48,MID
Harry,Winks,Tottenham Hotspur,0,2,33,904,15,198.4,167.8,20.0,1,175,38.7,1,0,2,1.0,44,MID
Davinson,Sánchez,Tottenham Hotspur,2,1,93,1626,16,93.1,408.2,186.0,8,417,68.8,10,0,4,2.0,42,DEF
Ryan,Sessegnon,Tottenham Hotspur,0,3,56,1046,11,178.1,159.2,129.0,3,231,46.6,6,0,2,2.1,44,DEF
Steven,Bergwijn,Tottenham Hotspur,3,2,55,548,6,101.2,163.6,273.0,3,138,53.7,3,0,1,0.4,59,MID
Sergio,Reguilón,Tottenham Hotspur,2,4,104,1914,25,459.9,468.8,362.0,9,438,129.3,9,0,4,7.2,50,DEF
Japhet,Tanganga,Tottenham Hotspur,0,0,29,735,11,48.1,118.0,108.0,0,133,27.5,5,1,2,0.8,42,DEF
Giovani,Lo Celso,Tottenham Hotspur,0,0,11,231,5,77.6,33.4,59.0,0,41,16.8,0,0,0,0.1,59,MID
Oliver,Skipp,Tottenham Hotspur,0,0,34,1346,13,151.5,183.8,39.0,0,180,37.4,8,0,6,0.6,44,MID
Joe,Rodon,Tottenham Hotspur,0,0,3,87,3,0.7,19.6,0.0,0,17,2.0,0,0,0,0.1,42,DEF
Tanguy,Ndombele,Tottenham Hotspur,1,1,22,481,11,83.1,99.8,122.0,0,85,30.4,0,0,1,0.2,57,MID
Bryan,Gil Salvatierra,Tottenham Hotspur,0,0,9,86,1,37.3,22.8,25.0,0,32,8.5,0,0,0,0.1,57,MID
Cristian,Romero,Tottenham Hotspur,1,0,63,1844,25,98.9,498.8,102.0,10,385,69.9,5,0,8,0.7,48,DEF
Emerson Aparecido,Leite de Souza Junior,Tottenham Hotspur,1,1,102,2282,26,446.1,454.6,298.0,8,489,120.0,10,0,5,2.5,46,DEF
Dejan,Kulusevski,Tottenham Hotspur,5,9,99,1259,11,343.6,346.6,382.0,8,343,106.9,9,0,3,10.9,63,MID
Rodrigo,Bentancur,Tottenham Hotspur,0,4,52,1360,12,205.0,274.2,118.0,4,266,59.7,9,0,5,0.1,49,MID
Moussa,Sissoko,Watford,2,1,85,3220,73,513.2,558.4,308.0,1,408,138.1,4,0,5,2.3,43,MID
Ben,Foster,Watford,0,1,81,2340,49,10.0,559.2,0.0,9,433,57.0,4,0,0,19.7,42,GK
Danny,Rose,Watford,0,0,7,688,16,80.5,104.8,39.0,0,75,22.4,0,0,4,0.2,42,DEF
Dan,Gosling,Watford,1,0,11,164,5,17.3,13.4,7.0,0,44,3.7,1,0,0,0.0,47,MID
Craig,Cathcart,Watford,0,1,50,2394,55,46.4,504.6,42.0,1,393,59.3,3,0,3,0.2,42,DEF
Troy,Deeney,Watford,0,0,2,23,1,10.6,2.2,14.0,0,5,2.7,0,0,0,0.3,54,FWD
Tom,Cleverley,Watford,0,2,48,1611,38,301.6,211.8,133.0,0,209,64.6,2,0,2,0.1,48,MID
Francisco,Femenía Far,Watford,0,5,53,2143,49,393.9,404.0,36.0,1,385,83.7,2,0,2,0.1,43,DEF
Christian,Kabasele,Watford,0,0,21,1190,30,27.1,217.0,42.0,0,163,28.7,1,0,0,0.1,43,DEF
William,Troost-Ekong,Watford,0,0,18,1388,30,14.1,252.6,17.0,0,171,28.4,0,0,3,0.1,43,DEF
Daniel,Bachmann,Watford,0,0,25,1080,28,0.0,300.6,0.0,0,196,30.2,0,0,0,1.3,40,GK
Adam,Masina,Watford,0,1,25,1075,26,106.6,198.6,31.0,2,179,33.7,1,0,0,0.1,43,DEF
Ken,Sema,Watford,0,0,26,844,16,159.9,84.8,51.0,0,81,29.5,2,0,1,0.0,52,MID
Ashley,Fletcher,Watford,0,0,3,28,0,0.5,9.0,20.0,0,5,3.0,0,0,0,0.2,48,FWD
Francisco,Sierralta,Watford,0,0,5,427,9,0.5,95.0,19.0,0,57,11.5,0,0,0,0.0,43,DEF
Ismaila,Sarr,Watford,5,2,81,1862,40,298.1,342.4,540.0,9,217,118.0,2,0,2,2.7,57,MID
Jeremy,Ngakia,Watford,0,0,28,896,19,74.0,171.8,16.0,2,154,25.9,2,0,0,0.0,42,DEF
Imrân,Louza,Watford,0,0,31,1415,38,228.2,232.6,122.0,0,173,58.4,3,0,6,0.0,52,MID
João Pedro,Junqueira de Jesus,Watford,3,1,60,1634,35,279.6,318.2,587.0,4,207,118.8,2,0,1,0.5,54,FWD
Emmanuel,Dennis,Watford,10,7,134,2579,60,453.4,667.6,932.0,21,425,205.2,3,1,7,20.0,58,FWD
Oghenekaro Peter,Etebo,Watford,0,0,10,396,8,33.2,47.0,10.0,0,58,9.0,0,0,3,0.2,43,MID
Joshua,King,Watford,5,4,87,2244,47,444.1,391.8,692.0,5,268,152.4,3,0,5,2.9,56,FWD
Juan Camilo,Hernández Suárez,Watford,5,2,62,1138,34,289.4,303.6,397.0,8,247,98.5,1,0,3,1.6,49,FWD
Juraj,Kucka,Watford,1,2,54,1917,34,164.2,304.8,353.0,2,218,82.1,2,1,3,0.1,55,MID
Ozan,Tufan,Watford,0,0,10,334,9,53.1,18.2,23.0,0,22,9.0,0,0,0,0.0,50,MID
Nicolas,Nkoulou,Watford,0,0,5,167,2,10.7,23.4,0.0,0,27,3.5,0,0,0,0.0,44,DEF
Hassane,Kamara,Watford,1,0,38,1622,37,152.5,352.0,45.0,3,299,54.7,3,1,3,0.1,45,DEF
Samir,Caetano de Souza Santos,Watford,0,0,36,1674,36,24.7,292.2,121.0,0,272,43.9,4,0,4,0.0,45,DEF
Edo,Kayembe,Watford,0,0,24,795,17,90.4,117.2,27.0,1,127,23.5,2,0,0,0.0,45,MID
Samuel,Kalu,Watford,0,0,7,221,6,31.9,21.8,24.0,0,23,7.8,1,0,0,0.0,49,MID
Kurt,Zouma,West Ham United,1,0,66,2078,29,32.8,496.2,131.0,5,388,66.2,5,0,1,1.2,54,DEF
Mark,Noble,West Ham United,1,0,19,325,5,14.2,82.4,34.0,1,76,13.1,1,0,0,0.7,43,MID
Lukasz,Fabianski,West Ham United,0,0,136,3330,50,0.0,887.0,0.0,9,661,88.6,8,0,2,2.8,50,GK
Angelo,Ogbonna,West Ham United,1,0,40,921,11,5.3,167.0,67.0,6,182,24.0,3,0,1,0.2,49,DEF
Aaron,Cresswell,West Ham United,2,4,115,2726,38,542.4,575.0,151.0,17,578,127.0,7,0,3,7.9,54,DEF
Andriy,Yarmolenko,West Ham United,1,0,25,303,4,62.9,75.2,150.0,0,73,28.5,1,0,1,0.1,50,MID
Michail,Antonio,West Ham United,10,10,140,2975,43,613.5,611.6,1263.0,14,441,247.6,7,1,6,24.3,73,FWD
Craig,Dawson,West Ham United,2,3,90,2752,43,61.6,684.2,387.0,1,466,113.5,6,1,4,0.8,49,DEF
Ryan,Fredericks,West Ham United,0,0,7,303,6,31.6,29.6,4.0,0,38,6.6,0,0,1,0.1,44,DEF
Manuel,Lanzini,West Ham United,5,3,92,1777,29,367.2,420.2,201.0,8,440,99.1,4,0,2,0.4,56,MID
Arthur,Masuaku,West Ham United,1,1,29,645,12,57.2,178.2,39.0,3,145,27.5,1,0,1,0.1,44,DEF
Vladimir,Coufal,West Ham United,0,4,70,2207,36,331.5,415.8,161.0,3,384,90.6,6,1,3,3.1,47,DEF
Saïd,Benrahma,West Ham United,8,6,138,2162,27,476.4,561.0,737.0,15,441,177.6,9,0,0,10.7,59,MID
Jarrod,Bowen,West Ham United,12,17,206,2987,46,624.6,819.4,1201.0,24,586,264.7,8,0,6,15.0,69,MID
Declan,Rice,West Ham United,1,4,95,3178,49,391.0,740.2,277.0,7,595,141.3,8,0,8,4.3,50,MID
Tomas,Soucek,West Ham United,5,1,114,3061,46,299.8,653.4,686.0,14,485,164.3,6,0,3,3.4,57,MID
Pablo,Fornals,West Ham United,6,4,117,2795,38,704.4,569.0,528.0,5,480,180.2,8,0,4,1.3,59,MID
Issa,Diop,West Ham United,0,1,30,961,19,21.3,225.6,44.0,2,203,29.1,2,0,0,0.3,42,DEF
Ben,Johnson,West Ham United,1,0,48,1397,18,176.1,307.2,39.0,1,235,52.3,3,0,1,3.6,39,DEF
Alphonse,Areola,West Ham United,0,0,2,90,1,0.0,20.4,0.0,0,11,2.0,0,0,0,0.7,47,GK
Nikola,Vlasic,West Ham United,1,0,30,549,10,122.8,85.4,115.0,0,98,32.3,1,0,0,0.0,56,MID
Alex,Kral,West Ham United,0,0,1,1,0,0.0,0.0,0.0,0,3,0.0,0,0,0,0.1,44,MID
Harrison,Ashby,West Ham United,0,0,1,6,1,1.0,2.0,0.0,0,4,0.3,0,0,0,0.1,40,DEF
João Filipe Iria,Santos Moutinho,Wolverhampton Wanderers,2,1,96,2970,40,645.2,512.6,144.0,8,511,130.1,11,0,4,0.7,49,MID
Willy,Boly,Wolverhampton Wanderers,0,0,17,900,20,18.0,157.2,27.0,0,165,20.3,1,0,1,0.1,49,DEF
Conor,Coady,Wolverhampton Wanderers,4,0,138,3361,43,45.4,737.2,202.0,10,688,98.8,11,0,4,13.4,47,DEF
Raúl,Jiménez,Wolverhampton Wanderers,6,5,101,2630,32,481.4,441.4,742.0,11,266,165.3,11,2,5,4.2,75,FWD
Romain,Saïss,Wolverhampton Wanderers,2,0,109,2706,30,112.2,694.6,214.0,6,540,102.3,11,0,6,2.1,48,DEF
Fernando,Marçal,Wolverhampton Wanderers,0,3,67,1448,14,187.3,247.2,135.0,5,295,56.3,6,0,3,1.3,42,DEF
Jonathan,Castro Otto,Wolverhampton Wanderers,2,0,38,1022,22,159.5,203.0,144.0,2,178,50.7,2,0,1,0.6,45,DEF
Leander,Dendoncker,Wolverhampton Wanderers,2,3,76,1945,29,175.5,339.0,258.0,5,308,77.4,5,0,4,0.3,46,MID
Adama,Traoré,Wolverhampton Wanderers,1,1,44,1069,10,271.1,192.0,300.0,0,168,76.6,5,0,0,1.0,56,MID
Rúben Diogo,da Silva Neves,Wolverhampton Wanderers,4,2,95,2659,34,408.2,617.4,237.0,7,509,126.3,9,0,9,0.9,52,MID
Nélson,Cabral Semedo,Wolverhampton Wanderers,0,1,94,2131,18,289.3,346.2,266.0,9,412,90.3,9,0,1,1.5,48,DEF
Daniel,Castelo Podence,Wolverhampton Wanderers,2,3,70,1475,12,493.0,328.6,459.0,2,257,128.2,9,0,2,0.2,55,MID
Max,Kilman,Wolverhampton Wanderers,1,1,106,2688,25,68.8,587.8,207.0,5,536,86.5,10,0,3,1.3,45,DEF
Morgan,Gibbs-White,Wolverhampton Wanderers,0,0,1,7,0,0.7,0.0,24.0,0,0,2.1,0,0,1,0.1,45,MID
Pedro,Lomba Neto,Wolverhampton Wanderers,1,1,22,459,14,193.9,68.4,200.0,0,88,46.1,0,0,3,0.1,62,MID
Ki-Jana,Hoever,Wolverhampton Wanderers,0,0,14,306,5,22.1,42.6,8.0,0,56,7.1,1,0,1,1.6,39,DEF
Fabio,Silva,Wolverhampton Wanderers,0,1,30,562,7,48.3,21.0,262.0,0,43,32.0,0,0,0,0.4,56,FWD
John,Ruddy,Wolverhampton Wanderers,0,0,3,135,3,0.0,11.4,0.0,0,20,1.1,0,0,0,0.2,43,GK
Francisco,Machado Mota de Castro Trincão,Wolverhampton Wanderers,2,1,66,1328,15,247.1,240.0,390.0,2,197,87.7,7,0,0,0.3,56,MID
Rayan,Ait Nouri,Wolverhampton Wanderers,1,4,87,1826,26,320.8,371.0,167.0,10,367,86.2,7,0,4,1.3,41,DEF
José,Malheiro de Sá,Wolverhampton Wanderers,0,1,146,3285,40,30.0,938.8,0.0,11,722,96.7,11,0,3,8.3,52,GK
Luke,Cundle,Wolverhampton Wanderers,0,0,7,179,1,32.0,17.0,2.0,0,32,5.1,1,0,0,0.1,44,MID
Chem,Campbell,Wolverhampton Wanderers,0,0,1,12,0,1.7,2.0,2.0,0,5,0.6,0,0,0,0.2,44,MID
Hee-Chan,Hwang,Wolverhampton Wanderers,5,1,81,1811,22,258.6,318.0,433.0,11,288,100.5,7,0,2,3.4,54,FWD
Toti António,Gomes,Wolverhampton Wanderers,0,0,6,360,6,4.3,59.6,28.0,0,52,9.2,0,0,1,0.0,44,DEF
Francisco Jorge,Tomás Oliveira,Wolverhampton Wanderers,0,3,20,203,5,83.4,99.4,118.0,2,67,30.1,0,0,0,0.0,55,MID
