id,matchDate,Country,League,Season,homeTeam,awayTeam,H,D,A,O05,U05,O15,U15,O25,U25,O35,U35,O45,U45,BTTSY,BTTSN,FTHG,FTAG,FTR,1HHG,1HAG,1HR,2HHG,2HAG,2HR,HP,AP
14540,25/05/2025 17:00,England,Premier League,2024/2025,Bournemouth,Leicester,1.38,5.64,7.82,1.01,20,1.16,5.5,1.48,2.75,2.26,1.67,3.79,1.29,1.72,2.12,2,0,H,0,0,D,2,0,H,3,0
14541,25/05/2025 17:00,England,Premier League,2024/2025,Fulham,Manchester City,6.24,4.64,1.53,1.03,15,1.19,5,1.61,2.38,2.47,1.57,4.48,1.22,1.65,2.24,0,2,A,0,1,A,0,1,A,0,3
14542,25/05/2025 17:00,England,Premier League,2024/2025,Ipswich,West Ham,3.25,3.65,2.23,1.03,15,1.23,4.33,1.7,2.2,2.86,1.45,5.41,1.17,1.62,2.31,1,3,A,0,1,A,1,2,A,0,3
14543,25/05/2025 17:00,England,Premier League,2024/2025,Liverpool,Crystal Palace,1.4,6.31,6.31,1.01,26,1.11,7,1.32,3.5,1.9,2,2.86,1.45,1.52,2.54,1,1,D,0,1,A,1,0,H,1,1
14544,25/05/2025 17:00,England,Premier League,2024/2025,Manchester Utd,Aston Villa,4.38,4.42,1.74,1.02,17,1.22,4.5,1.61,2.38,2.47,1.57,4.48,1.22,1.6,2.34,2,0,H,0,0,D,2,0,H,3,0
14545,25/05/2025 17:00,England,Premier League,2024/2025,Newcastle,Everton,1.3,6.11,10.2,1.01,21,1.16,5.5,1.48,2.75,2.24,1.73,3.67,1.3,1.76,2.06,0,1,A,0,0,D,0,1,A,0,3
14546,25/05/2025 17:00,England,Premier League,2024/2025,Nottingham,Chelsea,3.5,3.86,2.06,1.03,15,1.23,4.33,1.7,2.2,2.86,1.45,5.41,1.17,1.6,2.34,0,1,A,0,0,D,0,1,A,0,3
14547,25/05/2025 17:00,England,Premier League,2024/2025,Southampton,Arsenal,12.2,6.11,1.28,1.02,24,1.14,6,1.41,3,2.13,1.8,3.43,1.34,1.83,1.98,1,2,A,0,1,A,1,1,D,0,3
14548,25/05/2025 17:00,England,Premier League,2024/2025,Tottenham,Brighton,3.63,4.12,1.95,1.01,20,1.16,5.5,1.51,2.63,2.24,1.73,3.79,1.29,1.48,2.68,1,4,A,1,0,H,0,4,A,0,3
14549,25/05/2025 17:00,England,Premier League,2024/2025,Wolves,Brentford,2.98,3.8,2.31,1.01,19.5,1.16,5.5,1.51,2.63,2.26,1.67,4.14,1.25,1.48,2.68,1,1,D,0,1,A,1,0,H,1,1
14550,20/05/2025 21:00,England,Premier League,2024/2025,Crystal Palace,Wolves,2.31,3.37,3.33,1.06,10.4,1.3,3.65,1.92,1.98,3.3,1.35,6.79,1.12,1.68,2.18,4,2,H,2,1,H,2,1,H,3,0
14551,20/05/2025 21:00,England,Premier League,2024/2025,Manchester City,Bournemouth,1.36,5.64,8.64,1.02,17,1.16,5.5,1.51,2.63,2.26,1.67,3.79,1.29,1.76,2.06,3,1,H,2,0,H,1,1,D,3,0
14552,19/05/2025 21:00,England,Premier League,2024/2025,Brighton,Liverpool,2.31,3.91,2.91,1.01,16,1.15,5.79,1.44,2.9,2.14,1.8,3.5,1.33,1.43,2.82,3,2,H,1,2,A,2,0,H,3,0
14553,18/05/2025 17:30,England,Premier League,2024/2025,Arsenal,Newcastle,1.91,3.79,4.1,1.03,13.5,1.22,4.51,1.76,2.19,2.75,1.48,5.2,1.18,1.59,2.36,1,0,H,0,0,D,1,0,H,3,0
14554,18/05/2025 16:00,England,Premier League,2024/2025,Brentford,Fulham,1.99,3.9,3.67,1.03,15,1.22,4.5,1.65,2.3,2.57,1.54,4.8,1.2,1.57,2.42,2,3,A,2,1,H,0,2,A,0,3
14555,18/05/2025 16:00,England,Premier League,2024/2025,Leicester,Ipswich,2.3,3.69,3.07,1.04,13,1.23,4.33,1.7,2.2,2.66,1.5,4.8,1.2,1.57,2.41,2,0,H,1,0,H,1,0,H,3,0
14556,18/05/2025 15:15,England,Premier League,2024/2025,West Ham,Nottingham,3.13,3.48,2.36,1.06,10.5,1.3,3.68,2.03,1.88,3.27,1.36,6.73,1.12,1.72,2.12,1,2,A,0,1,A,1,1,D,0,3
14557,18/05/2025 13:00,England,Premier League,2024/2025,Everton,Southampton,1.46,4.87,7.18,1.04,13,1.26,4,1.82,2.1,3.06,1.4,5.41,1.17,1.9,1.9,2,0,H,2,0,H,0,0,D,3,0
14558,16/05/2025 21:15,England,Premier League,2024/2025,Chelsea,Manchester Utd,1.62,4.62,5.13,1.02,17.9,1.18,5.26,1.51,2.63,2.26,1.67,3.94,1.27,1.6,2.34,1,0,H,0,0,D,1,0,H,3,0
14559,16/05/2025 20:30,England,Premier League,2024/2025,Aston Villa,Tottenham,1.3,6.6,9.1,1.01,27,1.13,6.5,1.37,3.2,1.99,1.91,3.24,1.37,1.68,2.18,2,0,H,0,0,D,2,0,H,3,0
14560,11/05/2025 17:30,England,Premier League,2024/2025,Liverpool,Arsenal,2.17,3.57,3.44,1.02,15.8,1.21,4.74,1.64,2.32,2.54,1.54,4.57,1.22,1.53,2.53,2,2,D,2,0,H,0,2,A,1,1
14561,11/05/2025 15:15,England,Premier League,2024/2025,Manchester Utd,West Ham,1.98,3.76,3.85,1.04,13,1.26,4,1.82,2.1,3.06,1.4,5.41,1.17,1.65,2.24,0,2,A,0,1,A,0,1,A,0,3
14562,11/05/2025 15:15,England,Premier League,2024/2025,Nottingham,Leicester,1.41,5.13,8.1,1.03,15,1.22,4.5,1.65,2.3,2.66,1.5,4.8,1.2,1.83,1.98,2,2,D,1,1,D,1,1,D,1,1
14563,11/05/2025 15:15,England,Premier League,2024/2025,Tottenham,Crystal Palace,3.02,3.68,2.34,1.03,15,1.22,4.5,1.7,2.2,2.66,1.5,5.41,1.17,1.57,2.41,0,2,A,0,1,A,0,1,A,0,3
14564,11/05/2025 13:00,England,Premier League,2024/2025,Newcastle,Chelsea,2.25,3.84,3.07,1.02,17,1.19,5,1.56,2.5,2.37,1.62,4.14,1.25,1.44,2.79,2,0,H,1,0,H,1,0,H,3,0
14565,10/05/2025 18:30,England,Premier League,2024/2025,Bournemouth,Aston Villa,2.75,3.59,2.57,1.04,13,1.22,4.5,1.7,2.2,2.66,1.5,4.8,1.2,1.53,2.53,0,1,A,0,1,A,0,0,D,0,3
14566,10/05/2025 16:00,England,Premier League,2024/2025,Fulham,Everton,1.78,3.66,5.09,1.06,10,1.32,3.5,1.99,1.91,3.43,1.34,7.06,1.11,1.83,1.98,1,3,A,1,1,D,0,2,A,0,3
14567,10/05/2025 16:00,England,Premier League,2024/2025,Ipswich,Brentford,5.64,4.61,1.57,1.01,22,1.14,6,1.48,2.75,2.24,1.73,3.67,1.3,1.53,2.53,0,1,A,0,1,A,0,0,D,0,3
14568,10/05/2025 16:00,England,Premier League,2024/2025,Southampton,Manchester City,14.1,7.28,1.22,1.02,26,1.14,6.25,1.38,3.13,2.05,1.86,3.3,1.35,1.9,1.9,0,0,D,0,0,D,0,0,D,1,1
14569,10/05/2025 16:00,England,Premier League,2024/2025,Wolves,Brighton,2.97,3.48,2.46,1.07,9.37,1.32,3.54,2.05,1.86,3.53,1.32,6.79,1.12,1.72,2.12,0,2,A,0,1,A,0,1,A,0,3
14570,05/05/2025 21:00,England,Premier League,2024/2025,Crystal Palace,Nottingham,2.27,3.48,3.31,1.06,10,1.32,3.5,1.99,1.91,3.43,1.34,7.06,1.11,1.72,2.12,1,1,D,0,0,D,1,1,D,1,1
14571,04/05/2025 17:30,England,Premier League,2024/2025,Chelsea,Liverpool,2.49,3.73,2.77,1.01,20,1.16,5.5,1.51,2.63,2.26,1.67,3.79,1.29,1.44,2.79,3,1,H,1,0,H,2,1,H,3,0
14572,04/05/2025 15:00,England,Premier League,2024/2025,Brentford,Manchester Utd,1.7,4.46,4.61,1.01,19.5,1.19,5,1.56,2.5,2.37,1.62,4.14,1.25,1.57,2.41,4,3,H,2,1,H,2,2,D,3,0
14573,04/05/2025 15:00,England,Premier League,2024/2025,Brighton,Newcastle,3.35,3.8,2.13,1.02,17,1.19,5,1.61,2.38,2.47,1.57,4.48,1.22,1.49,2.64,1,1,D,1,0,H,0,1,A,1,1
14574,04/05/2025 15:00,England,Premier League,2024/2025,West Ham,Tottenham,1.9,3.98,3.92,1.02,17,1.19,5,1.61,2.38,2.47,1.57,4.48,1.22,1.53,2.53,1,1,D,1,1,D,0,0,D,1,1
14575,03/05/2025 18:30,England,Premier League,2024/2025,Arsenal,Bournemouth,1.66,4.18,5.36,1.03,15,1.22,4.5,1.7,2.2,2.66,1.5,4.8,1.2,1.65,2.24,1,2,A,1,0,H,0,2,A,0,3
14576,03/05/2025 16:00,England,Premier League,2024/2025,Everton,Ipswich,1.59,4.45,5.64,1.04,13,1.26,4,1.82,2.1,3.06,1.4,5.41,1.17,1.76,2.06,2,2,D,2,1,H,0,1,A,1,1
14577,03/05/2025 16:00,England,Premier League,2024/2025,Leicester,Southampton,2.37,3.61,3.01,1.04,13,1.26,4,1.9,2,3.06,1.4,6,1.14,1.6,2.34,2,0,H,2,0,H,0,0,D,3,0
14578,03/05/2025 13:30,England,Premier League,2024/2025,Aston Villa,Fulham,1.86,3.85,4.32,1.03,13.8,1.22,4.61,1.73,2.23,2.7,1.49,5.11,1.18,1.65,2.24,1,0,H,1,0,H,0,0,D,3,0
26896,02/05/2025 21:00,England,Premier League,2024/2025,Manchester City,Wolves,1.36,5.36,9.18,1.02,16,1.2,4.79,1.55,2.53,2.33,1.63,4.22,1.24,1.89,1.92,1,0,H,1,0,H,0,0,D,3,0
14580,01/05/2025 20:30,England,Premier League,2024/2025,Nottingham,Brentford,2.25,3.58,3.26,1.04,13,1.23,4.33,1.82,2.1,2.86,1.45,5.41,1.17,1.57,2.41,0,2,A,0,1,A,0,1,A,0,3
14581,27/04/2025 17:30,England,Premier League,2024/2025,Liverpool,Tottenham,1.23,7.1,13.4,,,1.09,8,1.32,3.5,1.82,2.1,2.86,1.45,1.68,2.18,5,1,H,3,1,H,2,0,H,3,0
14582,27/04/2025 15:00,England,Premier League,2024/2025,Bournemouth,Manchester Utd,2.02,3.9,3.58,1.04,13,1.23,4.33,1.82,2.1,2.86,1.45,5.41,1.17,1.6,2.34,1,1,D,1,0,H,0,1,A,1,1
14583,26/04/2025 16:00,England,Premier League,2024/2025,Brighton,West Ham,1.8,4.11,4.32,1.03,15,1.23,4.33,1.82,2.1,2.86,1.45,5.41,1.17,1.68,2.18,3,2,H,1,0,H,2,2,D,3,0
14584,26/04/2025 16:00,England,Premier League,2024/2025,Newcastle,Ipswich,1.18,8.06,16.1,1.01,20,1.1,7.37,1.31,3.58,1.9,2.01,2.91,1.43,1.9,1.9,3,0,H,1,0,H,2,0,H,3,0
14585,26/04/2025 16:00,England,Premier League,2024/2025,Southampton,Fulham,5.4,4.11,1.66,1.03,15,1.22,4.5,1.7,2.2,2.66,1.5,4.8,1.2,1.68,2.18,1,2,A,1,0,H,0,2,A,0,3
14586,26/04/2025 16:00,England,Premier League,2024/2025,Wolves,Leicester,1.56,4.31,6.41,1.04,13,1.23,4.33,1.82,2.1,2.86,1.45,5.41,1.17,1.76,2.06,3,0,H,1,0,H,2,0,H,3,0
14587,26/04/2025 13:30,England,Premier League,2024/2025,Chelsea,Everton,1.44,4.87,7.7,1.04,13,1.22,4.5,1.65,2.3,2.66,1.5,4.8,1.2,1.76,2.06,1,0,H,1,0,H,0,0,D,3,0
14588,23/04/2025 21:00,England,Premier League,2024/2025,Arsenal,Crystal Palace,1.43,4.64,8.69,1.05,11.7,1.24,4.25,1.73,2.23,2.7,1.49,5.11,1.18,1.96,1.85,2,2,D,2,1,H,0,1,A,1,1
14589,22/04/2025 21:00,England,Premier League,2024/2025,Manchester City,Aston Villa,1.91,4.02,3.87,1.02,17.9,1.18,5.26,1.56,2.5,2.35,1.63,4.26,1.24,1.53,2.53,2,1,H,1,1,D,1,0,H,3,0
14590,21/04/2025 21:00,England,Premier League,2024/2025,Tottenham,Nottingham,2.42,3.6,2.95,1.03,15,1.22,4.5,1.7,2.2,2.66,1.5,4.8,1.2,1.57,2.41,1,2,A,0,2,A,1,0,H,0,3
14591,20/04/2025 17:30,England,Premier League,2024/2025,Leicester,Liverpool,11.6,7.26,1.24,1.02,28,1.12,6.84,1.34,3.37,1.9,2.01,3.09,1.39,1.76,2.06,0,1,A,0,0,D,0,1,A,0,3
14592,20/04/2025 15:00,England,Premier League,2024/2025,Fulham,Chelsea,3.28,3.65,2.22,1.04,13,1.26,4,1.82,2.1,3.06,1.4,5.41,1.17,1.6,2.34,1,2,A,1,0,H,0,2,A,0,3
14593,20/04/2025 15:00,England,Premier League,2024/2025,Ipswich,Arsenal,9.97,5.04,1.37,1.03,13.7,1.21,4.74,1.64,2.32,2.54,1.54,4.57,1.22,1.89,1.92,0,4,A,0,2,A,0,2,A,0,3
14594,20/04/2025 15:00,England,Premier League,2024/2025,Manchester Utd,Wolves,2.48,3.56,2.89,1.05,11.6,1.27,3.95,1.9,2.01,3.27,1.36,6.23,1.14,1.68,2.18,0,1,A,0,0,D,0,1,A,0,3
14595,19/04/2025 18:30,England,Premier League,2024/2025,Aston Villa,Newcastle,2.68,3.77,2.55,1.02,16,1.2,4.79,1.58,2.45,2.43,1.59,4.53,1.22,1.53,2.53,4,1,H,1,1,D,3,0,H,3,0
14596,19/04/2025 16:00,England,Premier League,2024/2025,Brentford,Brighton,2.58,3.61,2.74,1.03,15,1.19,5,1.61,2.38,2.47,1.57,4.48,1.22,1.52,2.54,4,2,H,1,1,D,3,1,H,3,0
14597,19/04/2025 16:00,England,Premier League,2024/2025,Crystal Palace,Bournemouth,2.56,3.58,2.77,1.03,13.7,1.25,4.21,1.74,2.21,2.73,1.48,5.15,1.18,1.6,2.34,0,0,D,0,0,D,0,0,D,1,1
14598,19/04/2025 16:00,England,Premier League,2024/2025,Everton,Manchester City,4.3,3.68,1.9,1.06,10.5,1.29,3.81,2,1.9,3.41,1.34,6.31,1.13,1.72,2.12,0,2,A,0,0,D,0,2,A,0,3
14599,19/04/2025 16:00,England,Premier League,2024/2025,West Ham,Southampton,1.59,4.45,5.61,1.02,15.8,1.21,4.74,1.59,2.42,2.45,1.58,4.57,1.22,1.67,2.2,1,1,D,0,0,D,1,1,D,1,1
14600,16/04/2025 20:30,England,Premier League,2024/2025,Newcastle,Crystal Palace,1.68,4.02,5.37,1.03,13.7,1.22,4.56,1.64,2.32,2.73,1.48,5.15,1.18,1.68,2.18,5,0,H,4,0,H,1,0,H,3,0
14601,14/04/2025 21:00,England,Premier League,2024/2025,Bournemouth,Fulham,2.36,3.4,3.21,1.05,11.6,1.25,4.21,1.82,2.1,2.91,1.43,5.71,1.15,1.64,2.26,1,0,H,1,0,H,0,0,D,3,0
14602,13/04/2025 17:30,England,Premier League,2024/2025,Newcastle,Manchester Utd,1.66,4.4,5.03,1.02,15.8,1.21,4.74,1.59,2.42,2.45,1.58,4.57,1.22,1.65,2.24,4,1,H,1,1,D,3,0,H,3,0
14603,13/04/2025 15:00,England,Premier League,2024/2025,Chelsea,Ipswich,1.22,7.69,12.8,1.01,22,1.15,5.79,1.44,2.9,2.14,1.8,3.5,1.33,1.96,1.85,2,2,D,0,2,A,2,0,H,1,1
14604,13/04/2025 15:00,England,Premier League,2024/2025,Liverpool,West Ham,1.3,5.6,11.7,1.02,15.8,1.18,5.26,1.51,2.63,2.26,1.67,3.94,1.27,1.9,1.9,2,1,H,1,0,H,1,1,D,3,0
14605,13/04/2025 15:00,England,Premier League,2024/2025,Wolves,Tottenham,2.34,3.68,3.02,1.03,13.7,1.25,4.21,1.82,2.1,2.91,1.43,5.71,1.15,1.6,2.34,4,2,H,2,0,H,2,2,D,3,0
14606,12/04/2025 18:30,England,Premier League,2024/2025,Arsenal,Brentford,1.63,4.31,5.4,1.03,13.7,1.22,4.56,1.74,2.21,2.73,1.48,5.15,1.18,1.72,2.12,1,1,D,0,0,D,1,1,D,1,1
14607,12/04/2025 16:00,England,Premier League,2024/2025,Brighton,Leicester,1.33,6.17,8.89,1.02,17.9,1.18,5.26,1.47,2.77,2.26,1.67,3.94,1.27,1.9,1.9,2,2,D,1,1,D,1,1,D,1,1
14608,12/04/2025 16:00,England,Premier League,2024/2025,Nottingham,Everton,1.94,3.43,4.48,1.09,8.42,1.38,3.16,2.24,1.73,3.94,1.27,8.05,1.09,1.96,1.85,0,1,A,0,0,D,0,1,A,0,3
14609,12/04/2025 16:00,England,Premier League,2024/2025,Southampton,Aston Villa,6.68,4.44,1.53,1.02,17.9,1.18,5.26,1.56,2.5,2.35,1.63,4.26,1.24,1.67,2.2,0,3,A,0,0,D,0,3,A,0,3
14610,12/04/2025 13:30,England,Premier League,2024/2025,Manchester City,Crystal Palace,1.63,4.31,5.4,1.02,15.8,1.21,4.74,1.64,2.32,2.54,1.54,4.57,1.22,1.68,2.18,5,2,H,2,2,D,3,0,H,3,0
14611,07/04/2025 21:00,England,Premier League,2024/2025,Leicester,Newcastle,7,4.65,1.49,1.03,13.7,1.22,4.56,1.64,2.32,2.73,1.48,5.15,1.18,1.83,1.98,0,3,A,0,3,A,0,0,D,0,3
14612,06/04/2025 17:30,England,Premier League,2024/2025,Manchester Utd,Manchester City,3.46,3.71,2.14,,,1.18,4.45,1.68,2.33,2.45,1.5,4.15,1.17,1.52,2.46,0,0,D,0,0,D,0,0,D,1,1
14613,06/04/2025 15:00,England,Premier League,2024/2025,Brentford,Chelsea,2.98,3.57,2.42,1.03,15,1.22,4.5,1.7,2.2,2.66,1.5,4.8,1.2,1.53,2.53,0,0,D,0,0,D,0,0,D,1,1
14614,06/04/2025 15:00,England,Premier League,2024/2025,Fulham,Liverpool,4.65,3.47,1.9,1.05,11.6,1.25,4.21,1.82,2.1,2.91,1.43,5.71,1.15,1.68,2.18,3,2,H,3,1,H,0,1,A,3,0
14615,06/04/2025 15:00,England,Premier League,2024/2025,Tottenham,Southampton,1.39,5.64,7.48,1.02,24,1.13,6.5,1.41,3,2.13,1.8,3.24,1.37,1.65,2.25,3,1,H,2,0,H,1,1,D,3,0
14616,05/04/2025 18:30,England,Premier League,2024/2025,Aston Villa,Nottingham,2.12,3.44,3.73,1.06,10.5,1.3,3.68,1.9,2.01,3.27,1.36,6.23,1.14,1.7,2.14,2,1,H,2,0,H,0,1,A,3,0
14617,05/04/2025 16:00,England,Premier League,2024/2025,Crystal Palace,Brighton,2.56,3.58,2.77,1.02,11.6,1.27,3.95,1.9,2.01,3.09,1.39,6.23,1.1,1.6,2.27,2,1,H,1,1,D,1,0,H,3,0
14618,05/04/2025 16:00,England,Premier League,2024/2025,Ipswich,Wolves,2.94,3.28,2.59,1.03,8.42,1.38,3.16,2.26,1.67,4.26,1.24,8.82,1.08,1.9,1.9,1,2,A,1,0,H,0,2,A,0,3
14619,05/04/2025 16:00,England,Premier League,2024/2025,West Ham,Bournemouth,2.96,3.57,2.43,1.05,11.6,1.25,4.21,1.82,2.1,2.91,1.43,5.71,1.15,1.65,2.24,2,2,D,0,1,A,2,1,H,1,1
14620,05/04/2025 13:30,England,Premier League,2024/2025,Everton,Arsenal,4.21,3.25,2.06,1.1,7.45,1.43,2.93,2.33,1.63,4.53,1.22,9.43,1.07,2,1.82,1,1,D,0,1,A,1,0,H,1,1
14621,03/04/2025 21:00,England,Premier League,2024/2025,Chelsea,Tottenham,1.69,4.46,4.65,1.01,21,1.16,5.5,1.48,2.75,2.24,1.73,3.67,1.3,1.49,2.64,1,0,H,0,0,D,1,0,H,3,0
14622,02/04/2025 21:00,England,Premier League,2024/2025,Liverpool,Everton,1.51,4.46,6.96,1.05,11.6,1.25,4.21,1.82,2.1,3.09,1.39,5.71,1.15,1.9,1.9,1,0,H,0,0,D,1,0,H,3,0
14623,02/04/2025 20:45,England,Premier League,2024/2025,Bournemouth,Ipswich,1.42,5.13,7.7,1.02,15,1.22,4.5,1.65,2.3,2.66,1.5,4.55,1.17,1.83,1.98,1,2,A,0,1,A,1,1,D,0,3
14624,02/04/2025 20:45,England,Premier League,2024/2025,Brighton,Aston Villa,2.45,3.5,2.97,1.03,11.6,1.17,4.21,1.82,2.1,3.09,1.39,5.71,1.15,1.65,2.24,0,3,A,0,0,D,0,3,A,0,3
14625,02/04/2025 20:45,England,Premier League,2024/2025,Manchester City,Leicester,1.22,7.69,12.8,1.01,19.5,1.13,6.5,1.37,3.2,1.99,1.91,3.24,1.37,1.83,1.98,2,0,H,2,0,H,0,0,D,3,0
14626,02/04/2025 20:45,England,Premier League,2024/2025,Newcastle,Brentford,1.69,4.3,4.86,1.02,17.9,1.18,5.26,1.56,2.5,2.26,1.67,3.94,1.27,1.57,2.41,2,1,H,1,0,H,1,1,D,3,0
14627,02/04/2025 20:45,England,Premier League,2024/2025,Southampton,Crystal Palace,5.84,4.18,1.61,1.05,11.6,1.25,4.21,1.82,2.1,2.91,1.43,5.71,1.15,1.78,2.03,1,1,D,1,0,H,0,1,A,1,1
14628,01/04/2025 21:00,England,Premier League,2024/2025,Nottingham,Manchester Utd,2.43,3.36,3.1,1.06,10.5,1.29,3.68,2.03,1.88,3.27,1.36,6.73,1.05,1.72,2.12,1,0,H,1,0,H,0,0,D,3,0
14629,01/04/2025 20:45,England,Premier League,2024/2025,Arsenal,Fulham,1.52,4.19,7.45,1.07,9.47,1.31,3.58,2.03,1.88,3.5,1.33,7.18,1.11,2.06,1.76,2,1,H,1,0,H,1,1,D,3,0
14630,01/04/2025 20:45,England,Premier League,2024/2025,Wolves,West Ham,2.43,3.28,3.2,1.09,8.42,1.38,3.16,2.26,1.67,4.26,1.24,8.82,1.08,1.9,1.9,1,0,H,1,0,H,0,0,D,3,0
14631,16/03/2025 20:00,England,Premier League,2024/2025,Leicester,Manchester Utd,4.82,3.76,1.79,1.05,11.6,1.27,3.95,1.9,2.01,3.27,1.36,6.23,1.14,1.76,2.06,0,3,A,0,1,A,0,2,A,0,3
14632,16/03/2025 14:30,England,Premier League,2024/2025,Arsenal,Chelsea,1.74,3.69,5.38,1.06,10.6,1.31,3.62,2.01,1.9,3.57,1.31,7.12,1.11,1.94,1.86,1,0,H,1,0,H,0,0,D,3,0
14633,16/03/2025 14:30,England,Premier League,2024/2025,Fulham,Tottenham,1.89,3.99,4,1.02,15.8,1.22,4.56,1.64,2.32,2.73,1.48,5.15,1.18,1.6,2.34,2,0,H,0,0,D,2,0,H,3,0
14634,15/03/2025 18:30,England,Premier League,2024/2025,Bournemouth,Brentford,1.81,4.32,4.06,1.01,19.5,1.16,5.5,1.51,2.63,2.26,1.67,3.79,1.29,1.49,2.64,1,2,A,1,1,D,0,1,A,0,3
14635,15/03/2025 16:00,England,Premier League,2024/2025,Everton,West Ham,2.26,3.18,3.65,1.1,7.62,1.52,2.62,2.49,1.56,4.71,1.21,9.75,1.06,1.96,1.85,1,1,D,0,0,D,1,1,D,1,1
14636,15/03/2025 16:00,England,Premier League,2024/2025,Ipswich,Nottingham,4.2,3.58,1.94,1.05,11.6,1.27,3.95,1.9,2.01,3.09,1.39,6.23,1.14,1.72,2.12,2,4,A,0,3,A,2,1,H,0,3
14637,15/03/2025 16:00,England,Premier League,2024/2025,Manchester City,Brighton,1.79,4.2,4.25,1.02,19.5,1.15,5.79,1.47,2.77,2.16,1.73,3.61,1.31,1.49,2.64,2,2,D,2,1,H,0,1,A,1,1
14638,15/03/2025 16:00,England,Premier League,2024/2025,Southampton,Wolves,4.19,3.36,2.03,1.08,9,1.34,3.4,2.24,1.73,3.79,1.29,7.54,1.1,1.83,1.98,1,2,A,0,1,A,1,1,D,0,3
14639,10/03/2025 21:00,England,Premier League,2024/2025,West Ham,Newcastle,3.54,3.47,2.17,1.05,11,1.29,3.75,1.99,1.91,3.24,1.37,6.54,1.13,1.68,2.18,0,1,A,0,0,D,0,1,A,0,3
14640,09/03/2025 17:30,England,Premier League,2024/2025,Manchester Utd,Arsenal,5.09,3.66,1.78,1.07,9.57,1.31,3.62,2.01,1.9,3.57,1.31,7.12,1.11,1.89,1.92,1,1,D,1,0,H,0,1,A,1,1
14641,09/03/2025 15:00,England,Premier League,2024/2025,Chelsea,Leicester,1.22,7.43,14.4,1.01,22,1.07,6.1,1.4,2.78,2.15,1.78,3.42,1.28,1.94,1.82,1,0,H,0,0,D,1,0,H,3,0
14642,09/03/2025 15:00,England,Premier League,2024/2025,Tottenham,Bournemouth,2.89,3.79,2.4,1.01,20,1.09,5.55,1.44,2.63,2.19,1.76,3.48,1.27,1.38,2.94,2,2,D,0,1,A,2,1,H,1,1
14643,08/03/2025 21:00,England,Premier League,2024/2025,Wolves,Everton,2.85,3.05,2.85,1.12,6.91,1.46,2.79,2.43,1.59,5.11,1.18,10.6,1.06,1.94,1.86,1,1,D,1,1,D,0,0,D,1,1
14644,08/03/2025 18:30,England,Premier League,2024/2025,Brentford,Aston Villa,2.27,3.87,3.01,1.01,17,1.15,5.71,1.52,2.62,2.36,1.66,3.86,1.28,1.41,2.94,0,1,A,0,0,D,0,1,A,0,3
14645,08/03/2025 16:00,England,Premier League,2024/2025,Brighton,Fulham,2.04,3.57,3.83,1.05,11.6,1.25,4.21,1.82,2.1,2.91,1.43,5.71,1.15,1.68,2.18,2,1,H,1,1,D,1,0,H,3,0
14646,08/03/2025 16:00,England,Premier League,2024/2025,Crystal Palace,Ipswich,1.56,4.31,6.41,1.05,11.6,1.27,3.95,1.82,2.1,3.09,1.39,5.71,1.15,1.9,1.9,1,0,H,0,0,D,1,0,H,3,0
14647,08/03/2025 16:00,England,Premier League,2024/2025,Liverpool,Southampton,1.12,10.9,22,1.01,25,1.09,8.42,1.27,3.95,1.64,2.32,2.45,1.58,1.96,1.85,3,1,H,0,1,A,3,0,H,3,0
14648,08/03/2025 13:30,England,Premier League,2024/2025,Nottingham,Manchester City,4.12,3.87,1.89,1.03,14.3,1.24,4.29,1.67,2.26,2.6,1.53,4.71,1.21,1.51,2.55,1,0,H,0,0,D,1,0,H,3,0
14649,27/02/2025 21:00,England,Premier League,2024/2025,West Ham,Leicester,1.78,3.82,4.84,1.05,11.6,1.27,3.95,1.9,2.01,3.27,1.36,6.23,1.14,1.74,2.09,2,0,H,2,0,H,0,0,D,3,0
14650,26/02/2025 21:15,England,Premier League,2024/2025,Liverpool,Newcastle,1.4,5.38,7.69,1.02,24,1.13,6.32,1.38,3.16,2.03,1.88,3.27,1.36,1.6,2.34,2,0,H,1,0,H,1,0,H,3,0
14651,26/02/2025 20:30,England,Premier League,2024/2025,Brentford,Everton,2.14,3.65,3.45,1.03,13.7,1.25,4.21,1.82,2.1,2.91,1.43,5.71,1.15,1.65,2.24,1,1,D,1,0,H,0,1,A,1,1
14652,26/02/2025 20:30,England,Premier League,2024/2025,Manchester Utd,Ipswich,1.54,4.47,6.45,1.02,15.8,1.21,4.74,1.64,2.32,2.54,1.54,4.57,1.22,1.74,2.09,3,2,H,2,2,D,1,0,H,3,0
14653,26/02/2025 20:30,England,Premier League,2024/2025,Nottingham,Arsenal,4.35,3.46,1.95,1.09,8.42,1.38,3.16,2.24,1.73,4.26,1.24,8.82,1.08,1.96,1.85,0,0,D,0,0,D,0,0,D,1,1
14654,26/02/2025 20:30,England,Premier League,2024/2025,Tottenham,Manchester City,4.1,4.3,1.8,1.01,28,1.1,7.37,1.34,3.37,1.9,2.01,2.91,1.43,1.37,3.12,0,1,A,0,1,A,0,0,D,0,3
14655,25/02/2025 21:15,England,Premier League,2024/2025,Chelsea,Southampton,1.19,8.24,14.9,1.01,19.5,1.09,8,1.29,3.75,1.82,2.1,2.66,1.5,1.76,2.06,4,0,H,3,0,H,1,0,H,3,0
14656,25/02/2025 20:30,England,Premier League,2024/2025,Brighton,Bournemouth,1.99,3.88,3.68,1.02,17.9,1.18,5.26,1.56,2.5,2.35,1.63,4.26,1.24,1.53,2.53,2,1,H,1,0,H,1,1,D,3,0
14657,25/02/2025 20:30,England,Premier League,2024/2025,Crystal Palace,Aston Villa,2.35,3.61,3.05,1.03,13.7,1.22,4.56,1.74,2.21,2.73,1.48,5.15,1.18,1.6,2.34,4,1,H,1,0,H,3,1,H,3,0
14658,25/02/2025 20:30,England,Premier League,2024/2025,Wolves,Fulham,2.53,3.44,2.9,1.07,9.47,1.34,3.37,2.14,1.8,3.94,1.27,8.05,1.09,1.83,1.98,1,2,A,1,1,D,0,1,A,0,3
14659,23/02/2025 17:30,England,Premier League,2024/2025,Manchester City,Liverpool,3.22,3.87,2.17,1.02,18.5,1.15,5.85,1.46,2.79,2.14,1.74,3.9,1.28,1.44,2.79,0,2,A,0,2,A,0,0,D,0,3
14660,23/02/2025 15:00,England,Premier League,2024/2025,Newcastle,Nottingham,1.94,3.89,3.84,1.02,18.1,1.17,5.32,1.55,2.53,2.33,1.63,4.22,1.24,1.53,2.53,4,3,H,4,1,H,0,2,A,3,0
14661,22/02/2025 18:30,England,Premier League,2024/2025,Aston Villa,Chelsea,2.7,3.42,2.72,1.02,15.8,1.18,5.26,1.59,2.42,2.45,1.58,4.57,1.22,1.49,2.64,2,1,H,0,1,A,2,0,H,3,0
14662,22/02/2025 16:00,England,Premier League,2024/2025,Arsenal,West Ham,1.29,5.87,11.7,1.06,10.5,1.25,4.21,1.82,2.1,3.09,1.39,5.71,1.15,2.31,1.62,0,1,A,0,1,A,0,0,D,0,3
14663,22/02/2025 16:00,England,Premier League,2024/2025,Bournemouth,Wolves,1.65,4.23,5.37,1.03,13.7,1.22,4.56,1.64,2.32,2.73,1.48,5.15,1.18,1.68,2.18,0,1,A,0,1,A,0,0,D,0,3
14664,22/02/2025 16:00,England,Premier League,2024/2025,Fulham,Crystal Palace,2.09,3.46,3.81,1.06,10,1.32,3.5,1.99,1.91,3.43,1.34,7.06,1.11,1.72,2.12,0,2,A,0,1,A,0,1,A,0,3
14665,22/02/2025 16:00,England,Premier League,2024/2025,Ipswich,Tottenham,3.63,3.9,2.01,1.01,19.5,1.15,5.79,1.47,2.77,2.16,1.73,3.61,1.31,1.46,2.74,1,4,A,1,2,A,0,2,A,0,3
14666,22/02/2025 16:00,England,Premier League,2024/2025,Southampton,Brighton,5.92,4.48,1.57,1.02,17.9,1.18,5.26,1.51,2.63,2.26,1.67,3.94,1.27,1.62,2.3,0,4,A,0,1,A,0,3,A,0,3
14667,22/02/2025 13:30,England,Premier League,2024/2025,Everton,Manchester Utd,2.86,3.09,2.79,1.08,8.51,1.38,3.19,2.22,1.74,3.9,1.28,7.97,1.09,1.81,2,2,2,D,2,0,H,0,2,A,1,1
14668,21/02/2025 21:00,England,Premier League,2024/2025,Leicester,Brentford,3.6,3.91,2.01,1.02,17,1.19,5,1.61,2.38,2.47,1.57,4.48,1.22,1.53,2.53,0,4,A,0,3,A,0,1,A,0,3
14669,19/02/2025 20:30,England,Premier League,2024/2025,Aston Villa,Liverpool,3.95,4.06,1.88,1.02,17.9,1.18,5.26,1.56,2.5,2.35,1.63,4.26,1.24,1.53,2.53,2,2,D,2,1,H,0,1,A,1,1
14670,16/02/2025 17:30,England,Premier League,2024/2025,Tottenham,Manchester Utd,2.19,3.87,3.16,1.02,17.9,1.18,5.19,1.57,2.48,2.41,1.6,4.03,1.26,1.44,2.79,1,0,H,1,0,H,0,0,D,3,0
14671,16/02/2025 15:00,England,Premier League,2024/2025,Liverpool,Wolves,1.24,7.2,11.8,1.02,24,1.15,5.79,1.44,2.9,2.14,1.8,3.5,1.33,1.83,1.98,2,1,H,2,0,H,0,1,A,3,0
14672,15/02/2025 18:30,England,Premier League,2024/2025,Crystal Palace,Everton,2.09,3.17,4.22,1.1,7.37,1.44,2.9,2.35,1.63,4.57,1.22,9.52,1.07,2,1.82,1,2,A,0,1,A,1,1,D,0,3
14673,15/02/2025 16:00,England,Premier League,2024/2025,Aston Villa,Ipswich,1.46,4.92,7.02,1.02,17.5,1.19,5,1.51,2.63,2.26,1.67,4.14,1.25,1.74,2.1,1,1,D,0,0,D,1,1,D,1,1
14674,15/02/2025 16:00,England,Premier League,2024/2025,Fulham,Nottingham,2.27,3.48,3.31,1.06,10,1.29,3.75,1.99,1.91,3.43,1.34,6.54,1.13,1.68,2.18,2,1,H,1,1,D,1,0,H,3,0
14675,15/02/2025 16:00,England,Premier League,2024/2025,Manchester City,Newcastle,2,4.01,3.57,1.01,20,1.12,6.84,1.34,3.37,1.9,2.01,3.09,1.39,1.37,3.12,4,0,H,3,0,H,1,0,H,3,0
14676,15/02/2025 16:00,England,Premier League,2024/2025,Southampton,Bournemouth,6.14,4.61,1.54,1.02,17.9,1.18,5.26,1.47,2.77,2.16,1.73,3.94,1.27,1.62,2.3,1,3,A,0,2,A,1,1,D,0,3
14677,15/02/2025 16:00,England,Premier League,2024/2025,West Ham,Brentford,2.4,3.67,2.93,1.02,17.9,1.18,5.26,1.56,2.5,2.35,1.63,4.26,1.24,1.5,2.6,0,1,A,0,1,A,0,0,D,0,3
14678,15/02/2025 13:30,England,Premier League,2024/2025,Leicester,Arsenal,9.64,5.33,1.35,1.03,13.7,1.22,4.56,1.74,2.21,2.73,1.48,5.15,1.18,2.05,1.78,0,2,A,0,0,D,0,2,A,0,3
14679,14/02/2025 21:00,England,Premier League,2024/2025,Brighton,Chelsea,3.11,3.77,2.26,1.02,18.1,1.17,5.32,1.55,2.53,2.33,1.63,4.22,1.24,1.49,2.64,3,0,H,2,0,H,1,0,H,3,0
14680,12/02/2025 20:30,England,Premier League,2024/2025,Everton,Liverpool,7.54,4.48,1.48,1.05,11.6,1.25,4.21,1.82,2.1,2.91,1.43,5.71,1.15,1.94,1.86,2,2,D,1,1,D,1,1,D,1,1
14681,03/02/2025 21:00,England,Premier League,2024/2025,Chelsea,West Ham,1.3,6.28,9.94,1.02,28,1.1,7.37,1.31,3.58,1.9,2.01,2.91,1.43,1.6,2.34,2,1,H,0,1,A,2,0,H,3,0
14682,02/02/2025 17:30,England,Premier League,2024/2025,Arsenal,Manchester City,1.95,3.85,3.87,1.02,17.9,1.21,4.74,1.59,2.42,2.45,1.58,4.26,1.24,1.51,2.55,5,1,H,1,0,H,4,1,H,3,0
14683,02/02/2025 15:00,England,Premier League,2024/2025,Brentford,Tottenham,2.07,4.38,3.34,1.01,23,1.05,8.42,1.3,3.68,1.74,2.21,2.54,1.54,1.34,3.3,0,2,A,0,1,A,0,1,A,0,3
14684,02/02/2025 15:00,England,Premier League,2024/2025,Manchester Utd,Crystal Palace,1.78,3.7,5.09,1.02,11.6,1.27,3.95,1.9,2.01,3.27,1.36,6.23,1.14,1.76,2.06,0,2,A,0,0,D,0,2,A,0,3
14685,01/02/2025 18:30,England,Premier League,2024/2025,Wolves,Aston Villa,3.34,3.49,2.27,1.01,9.1,1.25,3.64,1.87,2.04,2.9,1.37,5.2,1.11,1.64,2.2,2,0,H,1,0,H,1,0,H,3,0
14686,01/02/2025 16:00,England,Premier League,2024/2025,Bournemouth,Liverpool,4.68,4.31,1.71,1.01,21,1.15,5.79,1.44,2.9,2.14,1.8,3.5,1.33,1.49,2.64,0,2,A,0,1,A,0,1,A,0,3
14687,01/02/2025 16:00,England,Premier League,2024/2025,Everton,Leicester,1.92,3.49,4.48,1.09,8.42,1.38,3.16,2.26,1.67,4.26,1.24,8.82,1.08,1.96,1.85,4,0,H,3,0,H,1,0,H,3,0
14688,01/02/2025 16:00,England,Premier League,2024/2025,Ipswich,Southampton,1.92,3.7,4.18,1.04,13,1.26,4,1.82,2.1,3.06,1.4,5.41,1.17,1.65,2.24,1,2,A,1,1,D,0,1,A,0,3
14689,01/02/2025 16:00,England,Premier League,2024/2025,Newcastle,Fulham,1.72,3.99,5.06,1.03,13.7,1.22,4.56,1.64,2.32,2.73,1.48,5.15,1.18,1.65,2.24,1,2,A,1,0,H,0,2,A,0,3
14690,01/02/2025 13:30,England,Premier League,2024/2025,Nottingham,Brighton,2.54,3.38,2.94,1.05,11.7,1.26,3.99,1.88,2.03,3.06,1.4,6.17,1.14,1.64,2.26,7,0,H,3,0,H,4,0,H,3,0
14691,26/01/2025 20:00,England,Premier League,2024/2025,Fulham,Manchester Utd,2.49,3.44,2.96,1.05,11.7,1.24,4.25,1.88,2.03,3.06,1.4,5.66,1.16,1.64,2.26,0,1,A,0,0,D,0,1,A,0,3
14692,26/01/2025 17:30,England,Premier League,2024/2025,Aston Villa,West Ham,1.5,4.88,6.18,1.02,15.8,1.21,4.74,1.56,2.5,2.35,1.63,4.26,1.24,1.68,2.18,1,1,D,1,0,H,0,1,A,1,1
14693,26/01/2025 15:00,England,Premier League,2024/2025,Crystal Palace,Brentford,2.03,3.77,3.67,1.02,17,1.19,5,1.61,2.38,2.47,1.57,4.48,1.22,1.53,2.53,1,2,A,0,0,D,1,2,A,0,3
14694,26/01/2025 15:00,England,Premier League,2024/2025,Tottenham,Leicester,1.53,4.88,5.88,1.02,28,1.1,7.37,1.31,3.58,1.9,2.01,2.91,1.43,1.46,2.74,1,2,A,1,0,H,0,2,A,0,3
14695,25/01/2025 18:30,England,Premier League,2024/2025,Manchester City,Chelsea,2.33,3.81,2.96,1.01,21,1.13,6.38,1.43,2.93,2.11,1.81,3.46,1.33,1.41,2.94,3,1,H,1,1,D,2,0,H,3,0
14696,25/01/2025 16:00,England,Premier League,2024/2025,Bournemouth,Nottingham,2.05,3.68,3.7,1.03,13.7,1.25,4.21,1.82,2.1,2.91,1.43,5.71,1.15,1.65,2.24,5,0,H,1,0,H,4,0,H,3,0
14697,25/01/2025 16:00,England,Premier League,2024/2025,Brighton,Everton,1.73,3.76,5.34,1.06,10.5,1.31,3.58,2.03,1.88,3.5,1.33,6.73,1.12,1.9,1.9,0,1,A,0,1,A,0,0,D,0,3
14698,25/01/2025 16:00,England,Premier League,2024/2025,Liverpool,Ipswich,1.12,12.4,17.6,1.01,29,1.09,8.42,1.27,3.95,1.74,2.21,2.54,1.54,2.05,1.78,4,1,H,3,0,H,1,1,D,3,0
14699,25/01/2025 16:00,England,Premier League,2024/2025,Southampton,Newcastle,6.94,4.87,1.47,1.01,20,1.15,5.79,1.47,2.77,2.16,1.73,3.61,1.31,1.62,2.3,1,3,A,1,2,A,0,1,A,0,3
14700,25/01/2025 16:00,England,Premier League,2024/2025,Wolves,Arsenal,6.16,4.07,1.61,1.05,11.6,1.27,3.95,1.9,2.01,3.27,1.36,6.23,1.14,1.9,1.9,0,1,A,0,0,D,0,1,A,0,3
14701,20/01/2025 21:00,England,Premier League,2024/2025,Chelsea,Wolves,1.45,5.07,6.94,1.02,25,1.13,6.32,1.38,3.16,2.03,1.88,3.27,1.36,1.57,2.41,3,1,H,1,1,D,2,0,H,3,0
14702,19/01/2025 17:30,England,Premier League,2024/2025,Ipswich,Manchester City,8.1,5.13,1.41,1.02,16,1.17,5.32,1.5,2.66,2.23,1.69,3.9,1.28,1.72,2.12,0,6,A,0,3,A,0,3,A,0,3
14703,19/01/2025 15:00,England,Premier League,2024/2025,Everton,Tottenham,2.72,3.39,2.72,1.05,11.5,1.25,4.19,1.83,2.1,3.1,1.39,5.74,1.15,1.65,2.24,3,2,H,3,0,H,0,2,A,3,0
14704,19/01/2025 15:00,England,Premier League,2024/2025,Manchester Utd,Brighton,2.29,3.5,3.24,1.05,11.6,1.25,4.21,1.82,2.1,2.91,1.43,5.71,1.15,1.6,2.34,1,3,A,1,1,D,0,2,A,0,3
14705,19/01/2025 15:00,England,Premier League,2024/2025,Nottingham,Southampton,1.44,4.87,7.7,1.03,13.6,1.22,4.54,1.65,2.3,2.55,1.54,4.59,1.22,1.94,1.86,3,2,H,3,0,H,0,2,A,3,0
14706,18/01/2025 18:30,England,Premier League,2024/2025,Arsenal,Aston Villa,1.59,4.2,6.04,1.03,13.6,1.22,4.54,1.75,2.2,2.74,1.48,5.18,1.18,1.75,2.07,2,2,D,1,0,H,1,2,A,1,1
14707,18/01/2025 16:00,England,Premier League,2024/2025,Brentford,Liverpool,6.15,5.12,1.49,1.02,28,1.1,7.33,1.31,3.56,1.83,2.1,2.93,1.43,1.5,2.58,0,2,A,0,0,D,0,2,A,0,3
14708,18/01/2025 16:00,England,Premier League,2024/2025,Leicester,Fulham,4.57,3.76,1.83,1.05,11.6,1.25,4.21,1.82,2.1,2.91,1.43,5.71,1.15,1.72,2.12,0,2,A,0,0,D,0,2,A,0,3
14709,18/01/2025 16:00,England,Premier League,2024/2025,West Ham,Crystal Palace,2.72,3.39,2.72,1.06,10.5,1.31,3.56,2.04,1.87,3.51,1.32,7.22,1.11,1.72,2.12,0,2,A,0,0,D,0,2,A,0,3
14710,18/01/2025 13:30,England,Premier League,2024/2025,Newcastle,Bournemouth,1.65,4.25,5.3,1.02,17.9,1.18,5.26,1.47,2.77,2.16,1.73,3.94,1.27,1.52,2.54,1,4,A,1,2,A,0,2,A,0,3
14711,16/01/2025 21:00,England,Premier League,2024/2025,Manchester Utd,Southampton,1.3,6.16,9.91,1.02,15.9,1.18,5.29,1.55,2.51,2.34,1.63,4.24,1.24,1.96,1.85,3,1,H,0,1,A,3,0,H,3,0
14712,16/01/2025 20:30,England,Premier League,2024/2025,Ipswich,Brighton,3.81,3.7,2.01,1.03,13.6,1.25,4.19,1.83,2.1,2.93,1.43,5.18,1.18,1.65,2.24,0,2,A,0,0,D,0,2,A,0,3
14713,15/01/2025 21:00,England,Premier League,2024/2025,Arsenal,Tottenham,1.4,5.59,7.3,1.02,18.5,1.19,5,1.56,2.5,2.37,1.62,4.14,1.25,1.72,2.12,2,1,H,2,1,H,0,0,D,3,0
14714,15/01/2025 20:30,England,Premier League,2024/2025,Everton,Aston Villa,3.63,3.19,2.26,1.09,8,1.41,3,2.35,1.67,4.48,1.22,9.26,1.07,1.9,1.9,0,1,A,0,0,D,0,1,A,0,3
14715,15/01/2025 20:30,England,Premier League,2024/2025,Leicester,Crystal Palace,3.9,3.79,1.96,1.05,11.5,1.27,3.93,1.91,2,3.1,1.39,6.26,1.14,1.72,2.12,0,2,A,0,0,D,0,2,A,0,3
14716,15/01/2025 20:30,England,Premier League,2024/2025,Newcastle,Wolves,1.39,5.26,8.18,1.01,20,1.15,5.76,1.48,2.75,2.17,1.73,3.62,1.3,1.68,2.18,3,0,H,1,0,H,2,0,H,3,0
14717,14/01/2025 21:00,England,Premier League,2024/2025,Nottingham,Liverpool,5.36,4.19,1.65,1.02,15.7,1.18,5.24,1.57,2.49,2.36,1.62,4.28,1.24,1.6,2.34,1,1,D,1,0,H,0,1,A,1,1
14718,14/01/2025 20:30,England,Premier League,2024/2025,Brentford,Manchester City,5.62,4.29,1.62,1.01,22,1.14,6.28,1.44,2.88,2.14,1.79,3.51,1.32,1.56,2.44,2,2,D,0,0,D,2,2,D,1,1
14719,14/01/2025 20:30,England,Premier League,2024/2025,Chelsea,Bournemouth,1.54,4.92,5.63,1.02,24,1.14,6.28,1.38,3.14,2.04,1.87,3.29,1.36,1.53,2.53,2,2,D,1,0,H,1,2,A,1,1
14720,14/01/2025 20:30,England,Premier League,2024/2025,West Ham,Fulham,3.2,3.4,2.36,1.05,11.5,1.27,3.93,1.91,2,3.1,1.39,6.26,1.14,1.68,2.18,3,2,H,2,0,H,1,2,A,3,0
14721,06/01/2025 21:00,England,Premier League,2024/2025,Wolves,Nottingham,4.18,3.58,1.95,1.05,11.5,1.25,4.19,1.83,2.1,2.93,1.43,5.74,1.15,1.68,2.2,0,3,A,0,2,A,0,1,A,0,3
14722,05/01/2025 17:30,England,Premier League,2024/2025,Liverpool,Manchester Utd,1.4,5.59,7.19,1.02,18,1.18,5.29,1.51,2.65,2.25,1.68,3.92,1.27,1.75,2.07,2,2,D,0,0,D,2,2,D,1,1
14723,05/01/2025 15:00,England,Premier League,2024/2025,Fulham,Ipswich,1.58,4.31,6.11,1.05,11.6,1.25,4.21,1.82,2.1,2.91,1.43,5.71,1.15,1.82,1.99,2,2,D,0,1,A,2,1,H,1,1
14724,04/01/2025 18:30,England,Premier League,2024/2025,Brighton,Arsenal,5.45,3.59,1.76,1.06,10.6,1.3,3.72,2.01,1.9,3.24,1.37,6.66,1.12,1.81,2,1,1,D,0,1,A,1,0,H,1,1
14725,04/01/2025 16:00,England,Premier League,2024/2025,Aston Villa,Leicester,1.37,5.41,8.76,1.02,24,1.14,6.28,1.38,3.14,2.04,1.87,3.29,1.36,1.65,2.24,2,1,H,0,0,D,2,1,H,3,0
14726,04/01/2025 16:00,England,Premier League,2024/2025,Bournemouth,Everton,1.72,3.92,5.16,1.05,11,1.26,4,1.9,2,3.06,1.4,6,1.14,1.76,2.06,1,0,H,0,0,D,1,0,H,3,0
14727,04/01/2025 16:00,England,Premier League,2024/2025,Crystal Palace,Chelsea,3.89,4,1.91,1.02,19.5,1.15,5.76,1.48,2.75,2.17,1.73,3.62,1.3,1.44,2.79,1,1,D,0,1,A,1,0,H,1,1
14728,04/01/2025 16:00,England,Premier League,2024/2025,Manchester City,West Ham,1.28,7.21,9.27,1.01,34,1.09,8,1.32,3.5,1.9,2,2.86,1.45,1.65,2.25,4,1,H,2,0,H,2,1,H,3,0
14729,04/01/2025 16:00,England,Premier League,2024/2025,Southampton,Brentford,3.49,3.71,2.11,1.02,15.7,1.22,4.54,1.75,2.2,2.74,1.48,5.18,1.18,1.57,2.42,0,5,A,0,1,A,0,4,A,0,3
14730,04/01/2025 13:30,England,Premier League,2024/2025,Tottenham,Newcastle,3.77,4.62,1.82,1.01,36,1.08,9,1.26,4,1.7,2.2,2.57,1.54,1.3,3.58,1,2,A,1,2,A,0,0,D,0,3
14731,01/01/2025 18:30,England,Premier League,2024/2025,Brentford,Arsenal,6,4.45,1.57,1.02,16,1.2,4.79,1.63,2.34,2.52,1.55,4.53,1.22,1.69,2.17,1,3,A,1,1,D,0,2,A,0,3
14732,30/12/2024 21:00,England,Premier League,2024/2025,Manchester Utd,Newcastle,2.74,3.56,2.59,1.02,15.8,1.21,4.74,1.64,2.32,2.54,1.54,4.57,1.22,1.53,2.53,0,2,A,0,2,A,0,0,D,0,3
14733,30/12/2024 20:45,England,Premier League,2024/2025,Aston Villa,Brighton,1.86,3.78,4.37,1.02,15.7,1.21,4.71,1.6,2.41,2.46,1.58,4.59,1.22,1.57,2.41,2,2,D,1,1,D,1,1,D,1,1
14734,30/12/2024 20:45,England,Premier League,2024/2025,Ipswich,Chelsea,7.52,5.13,1.43,1.01,20,1.15,5.76,1.48,2.75,2.17,1.73,3.62,1.3,1.68,2.18,2,0,H,1,0,H,1,0,H,3,0
14735,29/12/2024 18:15,England,Premier League,2024/2025,West Ham,Liverpool,7.49,5.33,1.41,1.01,23,1.13,6.35,1.43,2.91,2.12,1.81,3.25,1.36,1.59,2.35,0,5,A,0,3,A,0,2,A,0,3
14736,29/12/2024 16:00,England,Premier League,2024/2025,Crystal Palace,Southampton,1.55,4.44,6.16,1.03,13.6,1.22,4.54,1.75,2.2,2.74,1.48,5.18,1.18,1.76,2.06,2,1,H,1,1,D,1,0,H,3,0
14737,29/12/2024 16:00,England,Premier League,2024/2025,Everton,Nottingham,2.78,3.16,2.82,1.1,7.33,1.44,2.88,2.36,1.62,4.59,1.22,9.56,1.07,1.9,1.9,0,2,A,0,1,A,0,1,A,0,3
14738,29/12/2024 16:00,England,Premier League,2024/2025,Fulham,Bournemouth,2.3,3.46,3.26,1.05,11.5,1.25,4.19,1.83,2.1,2.93,1.43,5.74,1.15,1.65,2.24,2,2,D,1,0,H,1,2,A,1,1
14739,29/12/2024 16:00,England,Premier League,2024/2025,Tottenham,Wolves,1.68,4.45,4.79,1.02,27,1.12,6.81,1.34,3.35,1.91,2,3.1,1.39,1.41,2.94,2,2,D,2,1,H,0,1,A,1,1
14740,29/12/2024 15:30,England,Premier League,2024/2025,Leicester,Manchester City,9.7,6.38,1.3,1.02,28,1.1,7.33,1.31,3.56,1.91,2,2.93,1.43,1.68,2.2,0,2,A,0,1,A,0,1,A,0,3
14741,27/12/2024 21:15,England,Premier League,2024/2025,Arsenal,Ipswich,1.16,8.99,17.2,1.02,26,1.12,6.81,1.38,3.14,2.04,1.87,3.1,1.39,2.02,1.8,1,0,H,1,0,H,0,0,D,3,0
14742,27/12/2024 20:30,England,Premier League,2024/2025,Brighton,Brentford,1.67,4.62,4.66,1.01,22,1.15,5.74,1.51,2.63,2.34,1.67,3.84,1.28,1.49,2.64,0,0,D,0,0,D,0,0,D,1,1
14743,26/12/2024 21:00,England,Premier League,2024/2025,Liverpool,Leicester,1.08,14.7,28,1.01,34,1.06,10.4,1.24,4.24,1.57,2.48,2.38,1.65,1.9,1.9,3,1,H,1,1,D,2,0,H,3,0
14744,26/12/2024 18:30,England,Premier League,2024/2025,Wolves,Manchester Utd,4.69,3.87,1.79,1.03,13.8,1.22,4.61,1.73,2.23,2.7,1.49,5.11,1.18,1.65,2.25,2,0,H,0,0,D,2,0,H,3,0
14745,26/12/2024 16:00,England,Premier League,2024/2025,Bournemouth,Crystal Palace,2.03,3.75,3.67,1.02,15.7,1.22,4.54,1.65,2.3,2.74,1.48,5.18,1.18,1.6,2.34,0,0,D,0,0,D,0,0,D,1,1
14746,26/12/2024 16:00,England,Premier League,2024/2025,Chelsea,Fulham,1.46,5.37,6.16,1.01,20,1.15,5.79,1.47,2.77,2.16,1.73,3.61,1.31,1.6,2.34,1,2,A,1,0,H,0,2,A,0,3
14747,26/12/2024 16:00,England,Premier League,2024/2025,Newcastle,Aston Villa,1.9,3.88,4.04,1.03,14.2,1.24,4.26,1.72,2.18,2.72,1.49,5.08,1.18,1.57,2.41,3,0,H,1,0,H,2,0,H,3,0
14748,26/12/2024 16:00,England,Premier League,2024/2025,Nottingham,Tottenham,2.26,4.11,2.91,1.02,24,1.14,6.28,1.38,3.14,2.04,1.87,3.29,1.36,1.36,3.17,1,0,H,1,0,H,0,0,D,3,0
14749,26/12/2024 16:00,England,Premier League,2024/2025,Southampton,West Ham,3.28,3.57,2.24,1.03,13.6,1.22,4.54,1.75,2.2,2.74,1.48,5.18,1.18,1.57,2.41,0,1,A,0,0,D,0,1,A,0,3
14750,26/12/2024 13:30,England,Premier League,2024/2025,Manchester City,Everton,1.35,5.6,9.01,1.02,17.8,1.18,5.24,1.52,2.62,2.26,1.66,3.96,1.27,1.76,2.06,1,1,D,1,1,D,0,0,D,1,1
14751,22/12/2024 17:30,England,Premier League,2024/2025,Tottenham,Liverpool,4.87,4.62,1.64,1.01,34,1.08,8.51,1.26,3.99,1.69,2.23,2.52,1.55,1.32,3.4,3,6,A,1,3,A,2,3,A,0,3
14752,22/12/2024 15:00,England,Premier League,2024/2025,Everton,Chelsea,4.9,4.24,1.7,1.02,15.8,1.21,4.74,1.59,2.42,2.45,1.58,4.57,1.22,1.7,2.16,0,0,D,0,0,D,0,0,D,1,1
14753,22/12/2024 15:00,England,Premier League,2024/2025,Fulham,Southampton,1.61,4.26,5.81,1.03,15,1.23,4.33,1.82,2.1,2.86,1.45,5.41,1.17,1.72,2.12,0,0,D,0,0,D,0,0,D,1,1
14754,22/12/2024 15:00,England,Premier League,2024/2025,Leicester,Wolves,2.87,3.5,2.53,1.03,13.6,1.21,4.71,1.65,2.3,2.55,1.54,5.18,1.18,1.53,2.53,0,3,A,0,3,A,0,0,D,0,3
14755,22/12/2024 15:00,England,Premier League,2024/2025,Manchester Utd,Bournemouth,1.86,3.78,4.39,1.02,15.8,1.22,4.56,1.74,2.21,2.73,1.48,5.15,1.18,1.6,2.34,0,3,A,0,1,A,0,2,A,0,3
14756,21/12/2024 18:30,England,Premier League,2024/2025,Crystal Palace,Arsenal,7.46,4.41,1.49,1.05,11.6,1.27,3.95,1.82,2.1,3.09,1.39,5.71,1.15,1.89,1.92,1,5,A,1,3,A,0,2,A,0,3
14757,21/12/2024 16:00,England,Premier League,2024/2025,Brentford,Nottingham,2.54,3.66,2.74,1.02,15.9,1.18,5.29,1.58,2.43,2.34,1.63,4.24,1.24,1.49,2.64,0,2,A,0,1,A,0,1,A,0,3
14758,21/12/2024 16:00,England,Premier League,2024/2025,Ipswich,Newcastle,5.05,3.96,1.73,1.02,16.3,1.2,4.78,1.66,2.28,2.58,1.53,4.69,1.21,1.57,2.41,0,4,A,0,3,A,0,1,A,0,3
14759,21/12/2024 16:00,England,Premier League,2024/2025,West Ham,Brighton,2.69,3.66,2.58,1.02,19.5,1.15,5.79,1.47,2.77,2.16,1.73,3.61,1.31,1.46,2.74,1,1,D,0,0,D,1,1,D,1,1
14760,21/12/2024 13:30,England,Premier League,2024/2025,Aston Villa,Manchester City,3.38,3.68,2.16,1.02,15.9,1.2,4.76,1.58,2.43,2.43,1.58,4.55,1.22,1.51,2.55,2,1,H,1,0,H,1,1,D,3,0
14761,16/12/2024 21:00,England,Premier League,2024/2025,Bournemouth,West Ham,1.78,4.31,4.25,1.02,18.5,1.15,5.76,1.48,2.75,2.17,1.73,3.62,1.3,1.49,2.64,1,1,D,0,0,D,1,1,D,1,1
14762,15/12/2024 20:00,England,Premier League,2024/2025,Chelsea,Brentford,1.38,5.86,7.39,1.02,26,1.1,7.33,1.31,3.56,1.91,2,2.93,1.43,1.54,2.48,2,1,H,1,0,H,1,1,D,3,0
14763,15/12/2024 20:00,England,Premier League,2024/2025,Southampton,Tottenham,4.16,4.58,1.75,1.01,34,1.08,8.61,1.28,3.83,1.77,2.1,2.69,1.5,1.34,3.3,0,5,A,0,5,A,0,0,D,0,3
14764,15/12/2024 17:30,England,Premier League,2024/2025,Manchester City,Manchester Utd,1.55,4.84,5.53,1.01,21,1.15,5.76,1.44,2.88,2.14,1.79,3.62,1.3,1.57,2.42,1,2,A,1,0,H,0,2,A,0,3
14765,15/12/2024 15:00,England,Premier League,2024/2025,Brighton,Crystal Palace,1.91,3.68,4.26,1.03,13.7,1.25,4.21,1.82,2.1,2.91,1.43,5.71,1.15,1.68,2.18,1,3,A,0,2,A,1,1,D,0,3
14766,14/12/2024 18:30,England,Premier League,2024/2025,Nottingham,Aston Villa,2.87,3.25,2.67,1.07,9.47,1.34,3.37,2.14,1.8,3.61,1.31,8.05,1.09,1.75,2.07,2,1,H,0,0,D,2,1,H,3,0
14767,14/12/2024 16:00,England,Premier League,2024/2025,Arsenal,Everton,1.24,6.61,13.7,1.02,15.8,1.21,4.74,1.59,2.42,2.54,1.54,4.57,1.22,2.06,1.76,0,0,D,0,0,D,0,0,D,1,1
14768,14/12/2024 16:00,England,Premier League,2024/2025,Liverpool,Fulham,1.31,6.17,9.64,1.02,24,1.14,6.28,1.38,3.14,2.04,1.87,3.29,1.36,1.68,2.18,2,2,D,0,1,A,2,1,H,1,1
14769,14/12/2024 16:00,England,Premier League,2024/2025,Newcastle,Leicester,1.32,6.36,8.8,1.02,25,1.13,6.5,1.37,3.2,1.99,1.91,3.24,1.37,1.68,2.18,4,0,H,1,0,H,3,0,H,3,0
14770,14/12/2024 16:00,England,Premier League,2024/2025,Wolves,Ipswich,1.98,3.77,3.82,1.03,13.6,1.25,4.19,1.83,2.1,2.93,1.43,5.74,1.15,1.68,2.18,1,2,A,0,1,A,1,1,D,0,3
14771,09/12/2024 21:00,England,Premier League,2024/2025,West Ham,Wolves,1.8,3.97,4.46,1.03,13.8,1.22,4.58,1.74,2.22,2.72,1.49,5.13,1.18,1.65,2.25,2,1,H,0,0,D,2,1,H,3,0
14772,08/12/2024 17:30,England,Premier League,2024/2025,Tottenham,Chelsea,3.12,4.08,2.15,1.02,28,1.12,6.7,1.36,3.26,1.99,1.91,3,1.41,1.32,3.4,3,4,A,2,1,H,1,3,A,0,3
14773,08/12/2024 15:00,England,Premier League,2024/2025,Fulham,Arsenal,5.42,4.41,1.62,1.03,13.7,1.25,4.21,1.74,2.21,2.91,1.43,5.15,1.18,1.75,2.07,1,1,D,1,0,H,0,1,A,1,1
14774,08/12/2024 15:00,England,Premier League,2024/2025,Ipswich,Bournemouth,3.95,3.9,1.92,1.02,15.7,1.21,4.71,1.65,2.3,2.55,1.54,4.59,1.22,1.57,2.41,1,2,A,1,0,H,0,2,A,0,3
14775,08/12/2024 15:00,England,Premier League,2024/2025,Leicester,Brighton,4.87,4.25,1.7,1.02,17.9,1.18,5.26,1.51,2.63,2.26,1.67,3.94,1.27,1.57,2.42,2,2,D,0,1,A,2,1,H,1,1
14776,07/12/2024 18:30,England,Premier League,2024/2025,Manchester Utd,Nottingham,1.69,4,5.31,1.03,13.6,1.25,4.19,1.83,2.1,2.93,1.43,5.74,1.15,1.72,2.12,2,3,A,1,1,D,1,2,A,0,3
14777,07/12/2024 16:00,England,Premier League,2024/2025,Aston Villa,Southampton,1.33,5.77,9.45,1.01,20,1.15,5.76,1.44,2.88,2.14,1.79,3.62,1.3,1.75,2.09,1,0,H,1,0,H,0,0,D,3,0
14778,07/12/2024 16:00,England,Premier League,2024/2025,Brentford,Newcastle,3.1,3.84,2.24,1.02,17.8,1.18,5.24,1.57,2.49,2.36,1.62,4.28,1.24,1.49,2.64,4,2,H,2,2,D,2,0,H,3,0
14779,07/12/2024 16:00,England,Premier League,2024/2025,Crystal Palace,Manchester City,4.88,4.08,1.72,1.02,15.7,1.21,4.71,1.6,2.41,2.46,1.58,4.59,1.22,1.6,2.34,2,2,D,1,1,D,1,1,D,1,1
14780,05/12/2024 21:15,England,Premier League,2024/2025,Bournemouth,Tottenham,2.26,4.11,2.91,1.01,21,1.15,5.76,1.44,2.88,2.14,1.79,3.51,1.32,1.41,2.94,1,0,H,1,0,H,0,0,D,3,0
14781,05/12/2024 20:30,England,Premier League,2024/2025,Fulham,Brighton,2.61,3.68,2.66,1.03,15,1.22,4.5,1.7,2.2,2.66,1.5,5.41,1.17,1.57,2.42,3,1,H,1,0,H,2,1,H,3,0
14782,04/12/2024 21:15,England,Premier League,2024/2025,Arsenal,Manchester Utd,1.51,4.71,6.42,1.02,15.7,1.21,4.71,1.6,2.41,2.46,1.58,4.59,1.22,1.75,2.07,2,0,H,0,0,D,2,0,H,3,0
14783,04/12/2024 21:15,England,Premier League,2024/2025,Aston Villa,Brentford,1.7,4.07,5.09,1.02,17,1.19,5,1.56,2.5,2.37,1.62,4.14,1.25,1.57,2.41,3,1,H,3,0,H,0,1,A,3,0
14784,04/12/2024 20:30,England,Premier League,2024/2025,Everton,Wolves,2.15,3.38,3.69,1.07,9.42,1.31,3.56,2.04,1.87,3.51,1.32,7.22,1.11,1.76,2.06,4,0,H,2,0,H,2,0,H,3,0
14785,04/12/2024 20:30,England,Premier League,2024/2025,Manchester City,Nottingham,1.33,5.56,10.5,1.02,17.8,1.15,5.76,1.44,2.88,2.14,1.79,3.62,1.3,1.72,2.12,3,0,H,2,0,H,1,0,H,3,0
14786,04/12/2024 20:30,England,Premier League,2024/2025,Newcastle,Liverpool,3.8,3.83,1.98,1.03,14.2,1.24,4.24,1.72,2.17,2.73,1.48,5.11,1.18,1.59,2.35,3,3,D,1,0,H,2,3,A,1,1
14787,04/12/2024 20:30,England,Premier League,2024/2025,Southampton,Chelsea,9.12,5.9,1.33,1.02,27,1.12,6.81,1.34,3.35,1.91,2,2.93,1.43,1.6,2.34,1,5,A,1,3,A,0,2,A,0,3
14788,03/12/2024 21:15,England,Premier League,2024/2025,Leicester,West Ham,3.08,3.57,2.34,1.03,13.7,1.25,4.21,1.82,2.1,2.91,1.43,5.71,1.15,1.59,2.35,3,1,H,1,0,H,2,1,H,3,0
14789,03/12/2024 20:30,England,Premier League,2024/2025,Ipswich,Crystal Palace,3.4,3.46,2.23,1.06,10,1.32,3.5,1.99,1.91,3.43,1.34,7.06,1.11,1.72,2.12,0,1,A,0,0,D,0,1,A,0,3
14790,01/12/2024 17:00,England,Premier League,2024/2025,Liverpool,Manchester City,2.11,3.87,3.36,1.02,18.5,1.15,5.76,1.48,2.75,2.17,1.73,3.96,1.27,1.44,2.79,2,0,H,1,0,H,1,0,H,3,0
14791,01/12/2024 14:30,England,Premier League,2024/2025,Chelsea,Aston Villa,1.7,4.24,4.85,1.02,17.8,1.18,5.24,1.57,2.49,2.36,1.62,4.28,1.24,1.57,2.41,3,0,H,2,0,H,1,0,H,3,0
14792,01/12/2024 14:30,England,Premier League,2024/2025,Manchester Utd,Everton,1.64,4,5.91,1.03,13.6,1.25,4.19,1.83,2.1,2.93,1.43,5.74,1.15,1.76,2.06,4,0,H,2,0,H,2,0,H,3,0
14793,01/12/2024 14:30,England,Premier League,2024/2025,Tottenham,Fulham,1.9,4.41,3.62,1.02,25,1.12,6.81,1.38,3.14,2.04,1.87,3.1,1.39,1.42,2.88,1,1,D,0,0,D,1,1,D,1,1
14794,30/11/2024 18:30,England,Premier League,2024/2025,West Ham,Arsenal,7.26,4.67,1.48,1.02,15.8,1.21,4.74,1.64,2.32,2.54,1.54,4.57,1.22,1.76,2.06,2,5,A,2,5,A,0,0,D,0,3
14795,30/11/2024 16:00,England,Premier League,2024/2025,Brentford,Leicester,1.66,4.44,4.92,1.02,17.8,1.18,5.24,1.57,2.49,2.36,1.62,4.28,1.24,1.6,2.34,4,1,H,3,1,H,1,0,H,3,0
14796,30/11/2024 16:00,England,Premier League,2024/2025,Crystal Palace,Newcastle,3.43,3.5,2.21,1.05,11.5,1.25,4.19,1.83,2.1,3.1,1.39,5.74,1.15,1.65,2.24,1,1,D,0,0,D,1,1,D,1,1
14797,30/11/2024 16:00,England,Premier League,2024/2025,Nottingham,Ipswich,1.71,4.07,5.01,1.03,13.6,1.25,4.19,1.75,2.2,2.93,1.43,5.18,1.18,1.72,2.12,1,0,H,0,0,D,1,0,H,3,0
14798,30/11/2024 16:00,England,Premier League,2024/2025,Wolves,Bournemouth,2.58,3.57,2.74,1.03,13.6,1.22,4.54,1.75,2.2,2.74,1.48,5.18,1.18,1.57,2.41,2,4,A,1,3,A,1,1,D,0,3
14799,29/11/2024 21:00,England,Premier League,2024/2025,Brighton,Southampton,1.42,5.33,7.37,1.02,28,1.14,6.22,1.4,3.06,2.09,1.83,3.39,1.34,1.53,2.53,1,1,D,1,0,H,0,1,A,1,1
14800,25/11/2024 21:00,England,Premier League,2024/2025,Newcastle,West Ham,1.5,4.85,6.38,1.01,19.5,1.15,5.79,1.47,2.77,2.16,1.73,3.61,1.31,1.59,2.35,0,2,A,0,1,A,0,1,A,0,3
14801,24/11/2024 17:30,England,Premier League,2024/2025,Ipswich,Manchester Utd,5.42,4.18,1.65,1.02,15.9,1.2,4.76,1.63,2.33,2.53,1.55,4.55,1.22,1.65,2.24,1,1,D,1,1,D,0,0,D,1,1
14802,24/11/2024 15:00,England,Premier League,2024/2025,Southampton,Liverpool,9.17,5.41,1.36,1.02,25,1.13,6.32,1.38,3.16,2.03,1.88,3.09,1.39,1.6,2.34,2,3,A,1,1,D,1,2,A,0,3
14803,23/11/2024 18:30,England,Premier League,2024/2025,Manchester City,Tottenham,1.45,5.13,6.9,1.02,28,1.1,7.33,1.31,3.56,1.83,2.1,2.93,1.43,1.49,2.64,0,4,A,0,2,A,0,2,A,0,3
14804,23/11/2024 16:00,England,Premier League,2024/2025,Arsenal,Nottingham,1.43,4.87,8.02,1.05,11.5,1.27,3.93,1.83,2.1,3.1,1.39,6.26,1.14,2.06,1.76,3,0,H,1,0,H,2,0,H,3,0
14805,23/11/2024 16:00,England,Premier League,2024/2025,Aston Villa,Crystal Palace,1.74,3.8,5.11,1.05,11.6,1.25,4.21,1.82,2.1,3.09,1.39,5.71,1.15,1.76,2.06,2,2,D,1,2,A,1,0,H,1,1
14806,23/11/2024 16:00,England,Premier League,2024/2025,Bournemouth,Brighton,2.47,3.67,2.83,1.02,17.8,1.18,5.24,1.57,2.49,2.36,1.62,4.28,1.24,1.49,2.64,1,2,A,0,1,A,1,1,D,0,3
14807,23/11/2024 16:00,England,Premier League,2024/2025,Everton,Brentford,2.29,3.47,3.28,1.05,11,1.26,4,1.9,2,3.24,1.37,6,1.14,1.65,2.24,0,0,D,0,0,D,0,0,D,1,1
14808,23/11/2024 16:00,England,Premier League,2024/2025,Fulham,Wolves,1.57,4.44,5.9,1.02,17.8,1.21,4.71,1.6,2.41,2.46,1.58,4.28,1.24,1.65,2.24,1,4,A,1,1,D,0,3,A,0,3
14809,23/11/2024 13:30,England,Premier League,2024/2025,Leicester,Chelsea,7.44,4.82,1.45,1.02,17.8,1.18,5.24,1.57,2.49,2.36,1.62,4.28,1.24,1.71,2.13,1,2,A,0,1,A,1,1,D,0,3
14810,10/11/2024 17:30,England,Premier League,2024/2025,Chelsea,Arsenal,3.14,3.44,2.38,1.05,11.6,1.25,4.21,1.82,2.1,2.91,1.43,5.71,1.15,1.59,2.36,1,1,D,0,0,D,1,1,D,1,1
14811,10/11/2024 15:00,England,Premier League,2024/2025,Manchester Utd,Leicester,1.35,5.85,8.48,1.01,20,1.15,5.79,1.47,2.77,2.16,1.73,3.61,1.31,1.76,2.06,3,0,H,2,0,H,1,0,H,3,0
14812,10/11/2024 15:00,England,Premier League,2024/2025,Nottingham,Newcastle,2.9,3.39,2.56,1.05,11.5,1.27,3.93,1.91,2,3.29,1.36,6.26,1.14,1.68,2.18,1,3,A,1,0,H,0,3,A,0,3
14813,10/11/2024 15:00,England,Premier League,2024/2025,Tottenham,Ipswich,1.27,6.83,10.4,1.02,28,1.1,7.33,1.31,3.56,1.91,2,2.93,1.43,1.7,2.14,1,2,A,0,2,A,1,0,H,0,3
14814,09/11/2024 21:00,England,Premier League,2024/2025,Liverpool,Aston Villa,1.51,4.84,6.17,1.02,17.8,1.18,5.24,1.57,2.49,2.36,1.62,4.28,1.24,1.68,2.18,2,0,H,1,0,H,1,0,H,3,0
14815,09/11/2024 18:30,England,Premier League,2024/2025,Brighton,Manchester City,4.36,4.1,1.8,1.01,20,1.15,5.79,1.44,2.9,2.14,1.8,3.5,1.33,1.44,2.79,2,1,H,0,1,A,2,0,H,3,0
14816,09/11/2024 16:00,England,Premier League,2024/2025,Brentford,Bournemouth,2.65,3.57,2.68,1.02,15.7,1.22,4.54,1.65,2.3,2.74,1.48,5.18,1.18,1.57,2.41,3,2,H,1,1,D,2,1,H,3,0
14817,09/11/2024 16:00,England,Premier League,2024/2025,Crystal Palace,Fulham,3.38,3.33,2.3,1.08,9,1.37,3.2,2.24,1.73,3.79,1.29,8.45,1.09,1.76,2.06,0,2,A,0,1,A,0,1,A,0,3
14818,09/11/2024 16:00,England,Premier League,2024/2025,West Ham,Everton,2.15,3.38,3.71,1.05,11.5,1.27,3.93,1.91,2,3.1,1.39,6.26,1.14,1.68,2.18,0,0,D,0,0,D,0,0,D,1,1
14819,09/11/2024 16:00,England,Premier League,2024/2025,Wolves,Southampton,1.9,3.82,4.11,1.03,13.6,1.22,4.54,1.75,2.2,2.74,1.48,5.18,1.18,1.6,2.34,2,0,H,1,0,H,1,0,H,3,0
14820,04/11/2024 21:00,England,Premier League,2024/2025,Fulham,Brentford,1.99,3.88,3.68,1.03,13.6,1.22,4.54,1.75,2.2,2.74,1.48,5.18,1.18,1.6,2.34,2,1,H,0,1,A,2,0,H,3,0
14821,03/11/2024 17:30,England,Premier League,2024/2025,Manchester Utd,Chelsea,2.68,3.57,2.65,1.01,19.5,1.15,5.76,1.48,2.75,2.17,1.73,3.62,1.3,1.41,2.94,1,1,D,0,0,D,1,1,D,1,1
14822,03/11/2024 15:00,England,Premier League,2024/2025,Tottenham,Aston Villa,1.96,4.11,3.6,1.01,21,1.15,5.76,1.44,2.88,2.14,1.79,3.51,1.32,1.46,2.74,4,1,H,0,1,A,4,0,H,3,0
14823,02/11/2024 18:30,England,Premier League,2024/2025,Wolves,Crystal Palace,2.54,3.48,2.86,1.06,10.5,1.3,3.66,1.91,2,3.29,1.36,6.76,1.12,1.72,2.12,2,2,D,0,0,D,2,2,D,1,1
14824,02/11/2024 16:00,England,Premier League,2024/2025,Bournemouth,Manchester City,6.27,4.31,1.57,1.02,17.8,1.18,5.24,1.57,2.49,2.36,1.62,4.28,1.24,1.62,2.3,2,1,H,1,0,H,1,1,D,3,0
14825,02/11/2024 16:00,England,Premier League,2024/2025,Ipswich,Leicester,2.41,3.77,2.86,1.02,15.7,1.21,4.71,1.65,2.3,2.55,1.54,5.18,1.18,1.57,2.41,1,1,D,0,0,D,1,1,D,1,1
14826,02/11/2024 16:00,England,Premier League,2024/2025,Liverpool,Brighton,1.41,5.39,7.44,1.02,26,1.14,6.28,1.38,3.14,2.04,1.87,3.29,1.36,1.6,2.34,2,1,H,0,1,A,2,0,H,3,0
14827,02/11/2024 16:00,England,Premier League,2024/2025,Nottingham,West Ham,2.09,3.57,3.68,1.06,10,1.32,3.5,2.13,1.8,3.67,1.3,7.06,1.11,1.76,2.06,3,0,H,1,0,H,2,0,H,3,0
14828,02/11/2024 16:00,England,Premier League,2024/2025,Southampton,Everton,2.82,3.37,2.63,1.06,10,1.32,3.5,1.99,1.91,3.43,1.34,7.06,1.11,1.68,2.18,1,0,H,0,0,D,1,0,H,3,0
14829,02/11/2024 13:30,England,Premier League,2024/2025,Newcastle,Arsenal,4.3,3.63,1.91,1.05,11.6,1.26,3.97,1.89,2.02,3.07,1.4,5.68,1.16,1.71,2.13,1,0,H,1,0,H,0,0,D,3,0
14830,27/10/2024 17:30,England,Premier League,2024/2025,Arsenal,Liverpool,2.34,3.37,3.27,1.05,11.6,1.24,4.23,1.89,2.02,3.07,1.4,6.2,1.14,1.65,2.25,2,2,D,2,1,H,0,1,A,1,1
14831,27/10/2024 15:00,England,Premier League,2024/2025,Chelsea,Newcastle,1.77,4.32,4.3,1.02,19.5,1.16,5.5,1.51,2.63,2.26,1.67,4.14,1.25,1.49,2.64,2,1,H,1,1,D,1,0,H,3,0
14832,27/10/2024 15:00,England,Premier League,2024/2025,Crystal Palace,Tottenham,3.86,4.08,1.9,1.02,18.5,1.18,5.24,1.48,2.75,2.17,1.73,3.96,1.27,1.5,2.59,1,0,H,1,0,H,0,0,D,3,0
14833,27/10/2024 15:00,England,Premier League,2024/2025,West Ham,Manchester Utd,3.45,3.82,2.09,1.02,15.7,1.21,4.71,1.6,2.41,2.46,1.58,4.59,1.22,1.53,2.53,2,1,H,0,0,D,2,1,H,3,0
14834,26/10/2024 18:30,England,Premier League,2024/2025,Everton,Fulham,2.77,3.49,2.62,1.03,13.6,1.25,4.19,1.83,2.1,2.93,1.43,5.74,1.15,1.6,2.34,1,1,D,0,0,D,1,1,D,1,1
14835,26/10/2024 16:00,England,Premier League,2024/2025,Aston Villa,Bournemouth,1.79,3.94,4.59,1.02,15.7,1.21,4.71,1.6,2.41,2.46,1.58,4.59,1.22,1.6,2.34,1,1,D,0,0,D,1,1,D,1,1
14836,26/10/2024 16:00,England,Premier League,2024/2025,Brentford,Ipswich,1.68,4.27,5.01,1.02,15.7,1.22,4.54,1.65,2.3,2.55,1.54,4.59,1.22,1.68,2.18,4,3,H,2,2,D,2,1,H,3,0
14837,26/10/2024 16:00,England,Premier League,2024/2025,Brighton,Wolves,1.59,4.45,5.64,1.02,15.7,1.21,4.71,1.6,2.41,2.46,1.58,4.59,1.22,1.68,2.18,2,2,D,1,0,H,1,2,A,1,1
14838,26/10/2024 16:00,England,Premier League,2024/2025,Manchester City,Southampton,1.14,10.8,17.6,1.01,29,1.07,9.47,1.25,4.21,1.59,2.42,2.35,1.63,1.86,1.95,1,0,H,1,0,H,0,0,D,3,0
14839,25/10/2024 21:00,England,Premier League,2024/2025,Leicester,Nottingham,2.87,3.48,2.53,1.06,10.5,1.3,3.66,2.04,1.87,3.29,1.36,6.76,1.12,1.71,2.13,1,3,A,1,1,D,0,2,A,0,3
14840,21/10/2024 21:00,England,Premier League,2024/2025,Nottingham,Crystal Palace,2.3,3.39,3.32,1.09,8.47,1.38,3.18,2.25,1.68,4.24,1.24,8.78,1.08,1.9,1.9,1,0,H,0,0,D,1,0,H,3,0
14841,20/10/2024 17:30,England,Premier League,2024/2025,Liverpool,Chelsea,1.68,4.58,4.58,1.02,25,1.06,6.19,1.33,2.84,2.24,1.73,2.88,1.32,1.43,2.73,2,1,H,1,0,H,1,1,D,3,0
14842,20/10/2024 15:00,England,Premier League,2024/2025,Wolves,Manchester City,9.11,5.6,1.34,1.01,21,1.17,5.32,1.46,2.79,2.14,1.74,3.57,1.31,1.68,2.18,1,2,A,1,1,D,0,1,A,0,3
14843,19/10/2024 18:30,England,Premier League,2024/2025,Bournemouth,Arsenal,5.37,3.76,1.73,1.06,10.7,1.26,4.07,1.84,2.08,2.88,1.44,5.06,1.18,1.78,2.04,2,0,H,0,0,D,2,0,H,3,0
14844,19/10/2024 16:00,England,Premier League,2024/2025,Fulham,Aston Villa,2.54,3.5,2.86,1.05,11,1.26,4,1.9,2,3.06,1.4,6,1.14,1.6,2.34,1,3,A,1,1,D,0,2,A,0,3
14845,19/10/2024 16:00,England,Premier League,2024/2025,Ipswich,Everton,2.43,3.58,2.95,1.03,13.6,1.25,4.19,1.83,2.1,3.1,1.39,5.74,1.15,1.65,2.24,0,2,A,0,2,A,0,0,D,0,3
14846,19/10/2024 16:00,England,Premier League,2024/2025,Manchester Utd,Brentford,1.68,4.19,5.09,1.02,19.5,1.18,5.24,1.48,2.75,2.17,1.73,3.96,1.27,1.53,2.53,2,1,H,0,1,A,2,0,H,3,0
14847,19/10/2024 16:00,England,Premier League,2024/2025,Newcastle,Brighton,1.78,4.08,4.43,1.02,18.5,1.18,5.24,1.52,2.62,2.26,1.66,3.96,1.27,1.53,2.53,0,1,A,0,1,A,0,0,D,0,3
14848,19/10/2024 16:00,England,Premier League,2024/2025,Southampton,Leicester,2.25,3.67,3.2,1.03,13.6,1.22,4.54,1.75,2.2,2.74,1.48,5.18,1.18,1.6,2.34,2,3,A,2,0,H,0,3,A,0,3
14849,19/10/2024 13:30,England,Premier League,2024/2025,Tottenham,West Ham,1.49,5.37,5.88,1.02,29,1.1,7.33,1.31,3.56,1.91,2,2.93,1.43,1.49,2.64,4,1,H,1,1,D,3,0,H,3,0
14850,06/10/2024 17:30,England,Premier League,2024/2025,Brighton,Tottenham,3.06,4.04,2.19,1.02,24,1.12,6.81,1.38,3.14,1.91,2,3.1,1.39,1.41,2.92,3,2,H,0,2,A,3,0,H,3,0
14851,06/10/2024 15:00,England,Premier League,2024/2025,Aston Villa,Manchester Utd,2.23,3.99,3.02,1.01,20,1.15,5.76,1.44,2.88,2.14,1.79,3.62,1.3,1.44,2.79,0,0,D,0,0,D,0,0,D,1,1
14852,06/10/2024 15:00,England,Premier League,2024/2025,Chelsea,Nottingham,1.5,4.59,6.94,1.02,15.7,1.18,5.24,1.57,2.49,2.36,1.62,4.28,1.24,1.68,2.18,1,1,D,0,0,D,1,1,D,1,1
14853,05/10/2024 18:30,England,Premier League,2024/2025,Everton,Newcastle,3.96,3.78,1.94,1.02,15.7,1.22,4.54,1.65,2.3,2.74,1.48,5.18,1.18,1.59,2.35,0,0,D,0,0,D,0,0,D,1,1
14854,05/10/2024 16:00,England,Premier League,2024/2025,Arsenal,Southampton,1.2,7.97,14.3,1.01,22,1.14,6.28,1.44,2.88,2.14,1.79,3.29,1.36,2.02,1.8,3,1,H,0,0,D,3,1,H,3,0
14855,05/10/2024 16:00,England,Premier League,2024/2025,Brentford,Wolves,2,3.69,3.86,1.03,13.6,1.22,4.54,1.75,2.2,2.74,1.48,5.18,1.18,1.6,2.34,5,3,H,4,2,H,1,1,D,3,0
14856,05/10/2024 16:00,England,Premier League,2024/2025,Leicester,Bournemouth,3.42,3.94,2.06,1.02,15.8,1.21,4.74,1.59,2.42,2.45,1.58,4.57,1.22,1.53,2.53,1,0,H,1,0,H,0,0,D,3,0
14857,05/10/2024 16:00,England,Premier League,2024/2025,Manchester City,Fulham,1.27,6.69,10.8,1.01,19.5,1.15,5.76,1.48,2.75,2.17,1.73,3.62,1.3,1.9,1.9,3,2,H,1,1,D,2,1,H,3,0
14858,05/10/2024 16:00,England,Premier League,2024/2025,West Ham,Ipswich,1.87,3.91,4.18,1.03,13.6,1.22,4.54,1.75,2.2,2.74,1.48,5.18,1.18,1.68,2.2,4,1,H,2,1,H,2,0,H,3,0
14859,05/10/2024 13:30,England,Premier League,2024/2025,Crystal Palace,Liverpool,5.42,4.07,1.66,1.03,14.4,1.24,4.31,1.7,2.2,2.79,1.46,5.03,1.19,1.65,2.24,0,1,A,0,1,A,0,0,D,0,3
14860,30/09/2024 21:00,England,Premier League,2024/2025,Bournemouth,Southampton,1.58,4.34,5.94,1.02,15.8,1.18,5.26,1.56,2.5,2.35,1.63,4.26,1.24,1.65,2.25,3,1,H,3,0,H,0,1,A,3,0
14861,29/09/2024 17:30,England,Premier League,2024/2025,Manchester Utd,Tottenham,2.04,4,3.46,1.01,22,1.13,6.32,1.44,2.9,2.03,1.88,3.27,1.36,1.41,2.94,0,3,A,0,1,A,0,2,A,0,3
14862,29/09/2024 15:00,England,Premier League,2024/2025,Ipswich,Aston Villa,3.78,3.56,2.06,1.03,13.6,1.25,4.19,1.83,2.1,2.93,1.43,5.74,1.15,1.65,2.24,2,2,D,1,2,A,1,0,H,1,1
14863,28/09/2024 18:30,England,Premier League,2024/2025,Wolves,Liverpool,8.48,5.85,1.35,1.02,25,1.14,6,1.41,3,2.13,1.8,3.43,1.34,1.65,2.25,1,2,A,0,1,A,1,1,D,0,3
14864,28/09/2024 16:00,England,Premier League,2024/2025,Arsenal,Leicester,1.21,7.59,13.7,1.02,15.7,1.21,4.71,1.57,2.49,2.46,1.58,4.28,1.24,2.22,1.66,4,2,H,2,0,H,2,2,D,3,0
14865,28/09/2024 16:00,England,Premier League,2024/2025,Brentford,West Ham,2.33,3.61,3.09,1.02,15.7,1.21,4.71,1.65,2.3,2.55,1.54,4.59,1.22,1.53,2.53,1,1,D,1,0,H,0,1,A,1,1
14866,28/09/2024 16:00,England,Premier League,2024/2025,Chelsea,Brighton,1.74,4.3,4.5,1.01,21,1.15,5.76,1.44,2.88,2.14,1.79,3.51,1.32,1.46,2.74,4,2,H,4,2,H,0,0,D,3,0
14867,28/09/2024 16:00,England,Premier League,2024/2025,Everton,Crystal Palace,2.78,3.35,2.68,1.05,11.5,1.25,4.19,1.91,2,3.1,1.39,6.26,1.14,1.65,2.24,2,1,H,0,1,A,2,0,H,3,0
14868,28/09/2024 16:00,England,Premier League,2024/2025,Nottingham,Fulham,2.64,3.18,2.97,1.09,8.38,1.34,3.35,2.25,1.72,3.96,1.27,8.09,1.09,1.83,1.98,0,1,A,0,0,D,0,1,A,0,3
14869,28/09/2024 13:30,England,Premier League,2024/2025,Newcastle,Manchester City,5.17,4.19,1.67,1.02,17.8,1.18,5.24,1.57,2.49,2.36,1.62,4.28,1.24,1.6,2.34,1,1,D,0,1,A,1,0,H,1,1
14870,22/09/2024 17:30,England,Premier League,2024/2025,Manchester City,Arsenal,1.77,3.59,5.37,1.06,10.5,1.3,3.66,2.04,1.87,3.29,1.36,6.76,1.12,1.76,2.06,2,2,D,1,2,A,1,0,H,1,1
14871,22/09/2024 15:00,England,Premier League,2024/2025,Brighton,Nottingham,1.82,3.79,4.63,1.01,12.8,1.28,3.83,1.99,1.91,3.2,1.37,6.28,1.14,1.72,2.12,2,2,D,2,1,H,0,1,A,1,1
14872,21/09/2024 18:30,England,Premier League,2024/2025,Crystal Palace,Manchester Utd,2.8,3.8,2.47,1.01,16,1.16,4.2,1.69,2.3,2.47,1.44,4.2,1.14,1.55,2.38,0,0,D,0,0,D,0,0,D,1,1
14873,21/09/2024 16:00,England,Premier League,2024/2025,Aston Villa,Wolves,1.65,4.23,5.37,1.02,15.7,1.21,4.71,1.6,2.41,2.55,1.54,4.59,1.22,1.65,2.24,3,1,H,0,1,A,3,0,H,3,0
14874,21/09/2024 16:00,England,Premier League,2024/2025,Fulham,Newcastle,3.11,3.48,2.37,1.04,13,1.22,4.5,1.7,2.2,2.66,1.5,4.8,1.2,1.53,2.53,3,1,H,2,0,H,1,1,D,3,0
14875,21/09/2024 16:00,England,Premier League,2024/2025,Leicester,Everton,2.14,3.56,3.56,1.05,11.5,1.22,4.54,1.75,2.2,2.74,1.48,5.18,1.18,1.6,2.34,1,1,D,0,1,A,1,0,H,1,1
14876,21/09/2024 16:00,England,Premier League,2024/2025,Liverpool,Bournemouth,1.27,6.69,10.7,1.01,14.9,1.09,8.38,1.3,3.66,1.83,2.1,2.74,1.48,1.62,2.3,3,0,H,3,0,H,0,0,D,3,0
14877,21/09/2024 16:00,England,Premier League,2024/2025,Southampton,Ipswich,2.43,3.46,3.03,1.04,13,1.26,4,1.9,2,3.06,1.4,6,1.14,1.65,2.25,1,1,D,1,0,H,0,1,A,1,1
14878,21/09/2024 16:00,England,Premier League,2024/2025,Tottenham,Brentford,1.48,5.12,6.37,1.01,23,1.14,6.28,1.38,3.14,2.04,1.87,3.29,1.36,1.53,2.53,3,1,H,2,1,H,1,0,H,3,0
14879,21/09/2024 13:30,England,Premier League,2024/2025,West Ham,Chelsea,3.81,3.99,1.93,1.01,19.5,1.18,5.24,1.52,2.62,2.26,1.66,3.96,1.27,1.49,2.64,0,3,A,0,2,A,0,1,A,0,3
14880,15/09/2024 17:30,England,Premier League,2024/2025,Wolves,Newcastle,4.03,3.58,1.98,1.03,15,1.22,4.5,1.65,2.3,2.57,1.54,4.8,1.2,1.53,2.53,1,2,A,1,0,H,0,2,A,0,3
14881,15/09/2024 15:00,England,Premier League,2024/2025,Tottenham,Arsenal,3,3.49,2.43,1.02,15.9,1.2,4.76,1.58,2.43,2.34,1.63,4.24,1.24,1.49,2.64,0,1,A,0,0,D,0,1,A,0,3
14882,14/09/2024 21:00,England,Premier League,2024/2025,Bournemouth,Chelsea,3.27,3.69,2.21,1.01,20,1.15,5.79,1.47,2.77,2.16,1.73,3.61,1.31,1.44,2.79,0,1,A,0,0,D,0,1,A,0,3
14883,14/09/2024 18:30,England,Premier League,2024/2025,Aston Villa,Everton,1.69,3.84,5.64,1.03,13.7,1.25,4.21,1.74,2.21,2.91,1.43,5.15,1.18,1.72,2.12,3,2,H,1,2,A,2,0,H,3,0
14884,14/09/2024 16:00,England,Premier League,2024/2025,Brighton,Ipswich,1.47,4.86,6.92,1.02,15.7,1.21,4.71,1.6,2.41,2.55,1.54,4.59,1.22,1.72,2.12,0,0,D,0,0,D,0,0,D,1,1
14885,14/09/2024 16:00,England,Premier League,2024/2025,Crystal Palace,Leicester,1.69,3.98,5.36,1.05,11.5,1.27,3.93,1.91,2,3.1,1.39,6.26,1.14,1.76,2.06,2,2,D,0,1,A,2,1,H,1,1
14886,14/09/2024 16:00,England,Premier League,2024/2025,Fulham,West Ham,2.31,3.39,3.29,1.05,11,1.26,4,1.9,2,3.06,1.4,6,1.14,1.65,2.24,1,1,D,1,0,H,0,1,A,1,1
14887,14/09/2024 16:00,England,Premier League,2024/2025,Liverpool,Nottingham,1.27,6.37,11.7,1.02,26,1.14,6,1.41,3,2.13,1.8,3.43,1.34,1.76,2.06,0,1,A,0,0,D,0,1,A,0,3
14888,14/09/2024 16:00,England,Premier League,2024/2025,Manchester City,Brentford,1.18,8.24,16.1,1.02,25,1.14,6.28,1.38,3.14,2.14,1.79,3.29,1.36,1.9,1.9,2,1,H,2,1,H,0,0,D,3,0
14889,14/09/2024 13:30,England,Premier League,2024/2025,Southampton,Manchester Utd,4.33,4.17,1.78,1.02,17.8,1.18,5.24,1.57,2.49,2.36,1.62,4.28,1.24,1.57,2.41,0,3,A,0,2,A,0,1,A,0,3
14890,01/09/2024 17:00,England,Premier League,2024/2025,Manchester Utd,Liverpool,3.76,4.19,1.9,1.01,22,1.15,5.71,1.52,2.62,2.36,1.66,3.86,1.28,1.44,2.79,0,3,A,0,2,A,0,1,A,0,3
14891,01/09/2024 14:30,England,Premier League,2024/2025,Chelsea,Crystal Palace,1.65,4.4,5.08,1.02,17.8,1.18,5.24,1.52,2.62,2.26,1.66,3.96,1.27,1.57,2.41,1,1,D,1,0,H,0,1,A,1,1
14892,01/09/2024 14:30,England,Premier League,2024/2025,Newcastle,Tottenham,2.6,4,2.53,1.01,22,1.12,6.81,1.38,3.14,2.04,1.87,3.1,1.39,1.37,3.11,2,1,H,1,0,H,1,1,D,3,0
14893,31/08/2024 18:30,England,Premier League,2024/2025,West Ham,Manchester City,8.11,5.08,1.41,1.02,17.9,1.18,5.26,1.51,2.63,2.35,1.63,3.94,1.27,1.68,2.2,1,3,A,1,2,A,0,1,A,0,3
14894,31/08/2024 16:00,England,Premier League,2024/2025,Brentford,Southampton,1.79,3.94,4.59,1.05,11.5,1.25,4.19,1.83,2.1,2.93,1.43,5.74,1.15,1.68,2.18,3,1,H,1,0,H,2,1,H,3,0
14895,31/08/2024 16:00,England,Premier League,2024/2025,Everton,Bournemouth,2.96,3.48,2.47,1.04,13,1.26,4,1.9,2,3.06,1.4,6,1.14,1.7,2.15,2,3,A,0,0,D,2,3,A,0,3
14896,31/08/2024 16:00,England,Premier League,2024/2025,Ipswich,Fulham,3.2,3.46,2.33,1.06,10.5,1.27,3.93,1.91,2,3.1,1.39,6.26,1.14,1.68,2.18,1,1,D,1,1,D,0,0,D,1,1
14897,31/08/2024 16:00,England,Premier League,2024/2025,Leicester,Aston Villa,4.2,3.7,1.91,1.03,13.7,1.25,4.21,1.82,2.1,2.91,1.43,5.71,1.15,1.68,2.18,1,2,A,0,1,A,1,1,D,0,3
14898,31/08/2024 16:00,England,Premier League,2024/2025,Nottingham,Wolves,2.05,3.7,3.68,1.05,11.5,1.27,3.93,1.91,2,3.1,1.39,6.26,1.14,1.72,2.12,1,1,D,1,1,D,0,0,D,1,1
14899,31/08/2024 13:30,England,Premier League,2024/2025,Arsenal,Brighton,1.39,5.38,7.97,1.02,15.8,1.18,5.26,1.51,2.63,2.35,1.63,3.94,1.27,1.75,2.07,1,1,D,1,0,H,0,1,A,1,1
14900,25/08/2024 17:30,England,Premier League,2024/2025,Liverpool,Brentford,1.22,7.28,13.5,1.01,14.9,1.11,7,1.32,3.5,1.9,2,2.86,1.45,1.68,2.18,2,0,H,1,0,H,1,0,H,3,0
14901,25/08/2024 15:00,England,Premier League,2024/2025,Bournemouth,Newcastle,2.68,3.7,2.58,1.02,16.3,1.2,4.78,1.66,2.28,2.58,1.53,4.69,1.21,1.49,2.64,1,1,D,1,0,H,0,1,A,1,1
14902,25/08/2024 15:00,England,Premier League,2024/2025,Wolves,Chelsea,4.02,3.89,1.9,1.03,15,1.22,4.5,1.65,2.3,2.57,1.54,4.48,1.22,1.53,2.53,2,6,A,2,2,D,0,4,A,0,3
14903,24/08/2024 18:30,England,Premier League,2024/2025,Aston Villa,Arsenal,4.8,4.08,1.73,1.03,13.7,1.22,4.56,1.74,2.21,2.73,1.48,5.15,1.18,1.68,2.2,0,2,A,0,0,D,0,2,A,0,3
14904,24/08/2024 16:00,England,Premier League,2024/2025,Crystal Palace,West Ham,1.94,3.96,3.81,1.02,15.7,1.21,4.71,1.65,2.3,2.55,1.54,4.59,1.22,1.57,2.41,0,2,A,0,0,D,0,2,A,0,3
14905,24/08/2024 16:00,England,Premier League,2024/2025,Fulham,Leicester,1.89,3.82,4.18,1.05,11.5,1.27,3.93,1.83,2.1,3.1,1.39,6.26,1.14,1.72,2.12,2,1,H,1,1,D,1,0,H,3,0
14906,24/08/2024 16:00,England,Premier League,2024/2025,Manchester City,Ipswich,1.09,11,26,1.01,16.5,1.09,8.38,1.3,3.66,1.75,2.2,2.55,1.54,2.2,1.68,4,1,H,3,1,H,1,0,H,3,0
14907,24/08/2024 16:00,England,Premier League,2024/2025,Southampton,Nottingham,2.42,3.58,2.97,1.05,11.5,1.25,4.19,1.83,2.1,2.93,1.43,5.74,1.15,1.6,2.34,0,1,A,0,0,D,0,1,A,0,3
14908,24/08/2024 16:00,England,Premier League,2024/2025,Tottenham,Everton,1.39,5.38,7.97,1.02,24,1.14,6,1.41,3,2.13,1.8,3.43,1.34,1.65,2.24,4,0,H,2,0,H,2,0,H,3,0
14909,24/08/2024 13:30,England,Premier League,2024/2025,Brighton,Manchester Utd,2.57,3.85,2.63,1.02,17.5,1.18,5.24,1.52,2.62,2.26,1.66,3.96,1.27,1.44,2.79,2,1,H,1,0,H,1,1,D,3,0
14910,19/08/2024 21:00,England,Premier League,2024/2025,Leicester,Tottenham,4.79,4.27,1.7,1.02,17.9,1.18,5.26,1.56,2.5,2.35,1.63,4.26,1.24,1.57,2.41,1,1,D,0,1,A,1,0,H,1,1
14911,18/08/2024 17:30,England,Premier League,2024/2025,Chelsea,Manchester City,3.89,3.96,1.92,1.02,17.8,1.18,5.24,1.57,2.49,2.36,1.62,4.28,1.24,1.52,2.54,0,2,A,0,1,A,0,1,A,0,3
14912,18/08/2024 15:00,England,Premier League,2024/2025,Brentford,Crystal Palace,2.98,3.3,2.56,1.06,10.5,1.31,3.58,2.03,1.88,3.5,1.33,7.18,1.11,1.75,2.07,2,1,H,1,0,H,1,1,D,3,0
14913,17/08/2024 18:30,England,Premier League,2024/2025,West Ham,Aston Villa,2.56,3.6,2.77,1.03,13.7,1.22,4.56,1.64,2.32,2.73,1.48,5.15,1.18,1.57,2.41,1,2,A,1,1,D,0,1,A,0,3
14914,17/08/2024 16:00,England,Premier League,2024/2025,Arsenal,Wolves,1.16,9.39,16.6,1.02,24,1.14,6,1.41,3,2.13,1.8,3.43,1.34,2.25,1.65,2,0,H,1,0,H,1,0,H,3,0
14915,17/08/2024 16:00,England,Premier League,2024/2025,Everton,Brighton,3.16,3.47,2.34,1.05,11.5,1.27,3.93,1.91,2,3.1,1.39,6.26,1.14,1.68,2.18,0,3,A,0,1,A,0,2,A,0,3
14916,17/08/2024 16:00,England,Premier League,2024/2025,Newcastle,Southampton,1.39,5.34,7.9,1.01,22,1.14,6.28,1.44,2.88,2.14,1.79,3.51,1.32,1.62,2.3,1,0,H,1,0,H,0,0,D,3,0
14917,17/08/2024 16:00,England,Premier League,2024/2025,Nottingham,Bournemouth,2.26,3.49,3.33,1.05,11.5,1.25,4.19,1.91,2,3.1,1.39,5.74,1.15,1.65,2.24,1,1,D,1,0,H,0,1,A,1,1
14918,17/08/2024 13:30,England,Premier League,2024/2025,Ipswich,Liverpool,8.57,5.85,1.34,1.02,27,1.12,6.81,1.34,3.35,1.91,2,3.1,1.39,1.6,2.34,0,2,A,0,0,D,0,2,A,0,3
14919,16/08/2024 21:00,England,Premier League,2024/2025,Manchester Utd,Fulham,1.66,4.15,5.33,1.03,15,1.22,4.5,1.65,2.3,2.57,1.54,4.8,1.2,1.6,2.34,1,0,H,0,0,D,1,0,H,3,0
