"Competition_Name","Gender","Country","Season_End_Year","Round","Wk","Day","Date","Time","Home","HomeGoals","Home_xG","Away","AwayGoals","Away_xG","Attendance","Venue","Referee","Notes","MatchURL"
"Premier League","M","ENG",2022,NA,"1","Fri",2021-08-13,"20:00","Brentford",2,1.2,"Arsenal",0,1.3,16479,"Brentford Community Stadium","Michael Oliver",NA,"https://fbref.com/en/matches/3adf2aa7/Brentford-Arsenal-August-13-2021-Premier-League"
"Premier League","M","ENG",2022,NA,"1","Sat",2021-08-14,"12:30","Manchester Utd",5,1.5,"Leeds United",1,0.5,72732,"Old Trafford","Paul Tierney",NA,"https://fbref.com/en/matches/e62685d4/Manchester-United-Leeds-United-August-14-2021-Premier-League"
"Premier League","M","ENG",2022,NA,"1","Sat",2021-08-14,"15:00","Leicester City",1,0.5,"Wolves",0,1.3,31983,"King Power Stadium","Craig Pawson",NA,"https://fbref.com/en/matches/0b346a62/Leicester-City-Wolverhampton-Wanderers-August-14-2021-Premier-League"
"Premier League","M","ENG",2022,NA,"1","Sat",2021-08-14,"15:00","Burnley",1,1.5,"Brighton",2,1,16910,"Turf Moor","David Coote",NA,"https://fbref.com/en/matches/4eb36e37/Burnley-Brighton-and-Hove-Albion-August-14-2021-Premier-League"
"Premier League","M","ENG",2022,NA,"1","Sat",2021-08-14,"15:00","Chelsea",3,0.7,"Crystal Palace",0,0.2,38965,"Stamford Bridge","Jonathan Moss",NA,"https://fbref.com/en/matches/6f454493/Chelsea-Crystal-Palace-August-14-2021-Premier-League"
"Premier League","M","ENG",2022,NA,"1","Sat",2021-08-14,"15:00","Watford",3,1.2,"Aston Villa",2,1.2,20051,"Vicarage Road Stadium","Mike Dean",NA,"https://fbref.com/en/matches/814b563c/Watford-Aston-Villa-August-14-2021-Premier-League"
"Premier League","M","ENG",2022,NA,"1","Sat",2021-08-14,"15:00","Everton",3,2.4,"Southampton",1,0.8,38487,"Goodison Park","Andy Madley",NA,"https://fbref.com/en/matches/c99ebbf5/Everton-Southampton-August-14-2021-Premier-League"
"Premier League","M","ENG",2022,NA,"1","Sat",2021-08-14,"17:30","Norwich City",0,1.4,"Liverpool",3,1.6,27023,"Carrow Road","Andre Marriner",NA,"https://fbref.com/en/matches/c52500ad/Norwich-City-Liverpool-August-14-2021-Premier-League"
"Premier League","M","ENG",2022,NA,"1","Sun",2021-08-15,"14:00","Newcastle Utd",2,1.8,"West Ham",4,2.7,50673,"St. James' Park","Martin Atkinson",NA,"https://fbref.com/en/matches/41091264/Newcastle-United-West-Ham-United-August-15-2021-Premier-League"
"Premier League","M","ENG",2022,NA,"1","Sun",2021-08-15,"16:30","Tottenham",1,1,"Manchester City",0,1.8,58262,"Tottenham Hotspur Stadium","Anthony Taylor",NA,"https://fbref.com/en/matches/ff51efc7/Tottenham-Hotspur-Manchester-City-August-15-2021-Premier-League"
"Premier League","M","ENG",2022,NA,"2","Sat",2021-08-21,"12:30","Liverpool",2,2.7,"Burnley",0,0.9,52591,"Anfield","Mike Dean",NA,"https://fbref.com/en/matches/94d9dac0/Liverpool-Burnley-August-21-2021-Premier-League"
"Premier League","M","ENG",2022,NA,"2","Sat",2021-08-21,"15:00","Aston Villa",2,1.2,"Newcastle Utd",0,0.7,41964,"Villa Park","David Coote",NA,"https://fbref.com/en/matches/662d4074/Aston-Villa-Newcastle-United-August-21-2021-Premier-League"
"Premier League","M","ENG",2022,NA,"2","Sat",2021-08-21,"15:00","Manchester City",5,2.6,"Norwich City",0,0.1,51437,"Etihad Stadium","Graham Scott",NA,"https://fbref.com/en/matches/ab6db0d6/Manchester-City-Norwich-City-August-21-2021-Premier-League"
"Premier League","M","ENG",2022,NA,"2","Sat",2021-08-21,"15:00","Leeds United",2,1.2,"Everton",2,1.8,36293,"Elland Road","Darren England",NA,"https://fbref.com/en/matches/b9064680/Leeds-United-Everton-August-21-2021-Premier-League"
"Premier League","M","ENG",2022,NA,"2","Sat",2021-08-21,"15:00","Crystal Palace",0,0.5,"Brentford",0,0.9,23091,"Selhurst Park","Martin Atkinson",NA,"https://fbref.com/en/matches/c8945d11/Crystal-Palace-Brentford-August-21-2021-Premier-League"
"Premier League","M","ENG",2022,NA,"2","Sat",2021-08-21,"17:30","Brighton",2,1.3,"Watford",0,0.5,29485,"The American Express Community Stadium","Anthony Taylor",NA,"https://fbref.com/en/matches/072af2f8/Brighton-and-Hove-Albion-Watford-August-21-2021-Premier-League"
"Premier League","M","ENG",2022,NA,"2","Sun",2021-08-22,"14:00","Wolves",0,1.7,"Tottenham",1,1.7,30368,"Molineux Stadium","Stuart Attwell",NA,"https://fbref.com/en/matches/26ceb3c9/Wolverhampton-Wanderers-Tottenham-Hotspur-August-22-2021-Premier-League"
"Premier League","M","ENG",2022,NA,"2","Sun",2021-08-22,"14:00","Southampton",1,0.7,"Manchester Utd",1,1.8,32000,"St. Mary's Stadium","Craig Pawson",NA,"https://fbref.com/en/matches/345b3989/Southampton-Manchester-United-August-22-2021-Premier-League"
"Premier League","M","ENG",2022,NA,"2","Sun",2021-08-22,"16:30","Arsenal",0,0.3,"Chelsea",2,3.1,58729,"Emirates Stadium","Paul Tierney",NA,"https://fbref.com/en/matches/93954213/North-West-London-Derby-Arsenal-Chelsea-August-22-2021-Premier-League"
"Premier League","M","ENG",2022,NA,"2","Mon",2021-08-23,"20:00","West Ham",4,2.3,"Leicester City",1,0.6,59901,"London Stadium","Michael Oliver",NA,"https://fbref.com/en/matches/1d07228e/West-Ham-United-Leicester-City-August-23-2021-Premier-League"
"Premier League","M","ENG",2022,NA,"3","Sat",2021-08-28,"12:30","Manchester City",5,4.4,"Arsenal",0,0.2,52276,"Etihad Stadium","Martin Atkinson",NA,"https://fbref.com/en/matches/d4650aa2/Manchester-City-Arsenal-August-28-2021-Premier-League"
"Premier League","M","ENG",2022,NA,"3","Sat",2021-08-28,"15:00","Norwich City",1,1.5,"Leicester City",2,1.5,26765,"Carrow Road","Robert Jones",NA,"https://fbref.com/en/matches/78c685cc/Norwich-City-Leicester-City-August-28-2021-Premier-League"
"Premier League","M","ENG",2022,NA,"3","Sat",2021-08-28,"15:00","West Ham",2,1.3,"Crystal Palace",2,1.1,59751,"London Stadium","Stuart Attwell",NA,"https://fbref.com/en/matches/8e017435/West-Ham-United-Crystal-Palace-August-28-2021-Premier-League"
"Premier League","M","ENG",2022,NA,"3","Sat",2021-08-28,"15:00","Aston Villa",1,0.7,"Brentford",1,0.9,42045,"Villa Park","Peter Bankes",NA,"https://fbref.com/en/matches/a08ef96c/Aston-Villa-Brentford-August-28-2021-Premier-League"
"Premier League","M","ENG",2022,NA,"3","Sat",2021-08-28,"15:00","Newcastle Utd",2,1,"Southampton",2,3.6,44017,"St. James' Park","Paul Tierney",NA,"https://fbref.com/en/matches/d81af076/Newcastle-United-Southampton-August-28-2021-Premier-League"
"Premier League","M","ENG",2022,NA,"3","Sat",2021-08-28,"15:00","Brighton",0,0.7,"Everton",2,1.4,30548,"The American Express Community Stadium","Jonathan Moss",NA,"https://fbref.com/en/matches/ec8b667a/Brighton-and-Hove-Albion-Everton-August-28-2021-Premier-League"
"Premier League","M","ENG",2022,NA,"3","Sat",2021-08-28,"17:30","Liverpool",1,2.5,"Chelsea",1,0.6,54000,"Anfield","Anthony Taylor",NA,"https://fbref.com/en/matches/78aa75e6/Liverpool-Chelsea-August-28-2021-Premier-League"
"Premier League","M","ENG",2022,NA,"3","Sun",2021-08-29,"14:00","Burnley",1,1,"Leeds United",1,1.2,20000,"Turf Moor","Michael Oliver",NA,"https://fbref.com/en/matches/2e5db698/Burnley-Leeds-United-August-29-2021-Premier-League"
"Premier League","M","ENG",2022,NA,"3","Sun",2021-08-29,"14:00","Tottenham",1,1,"Watford",0,0.8,57672,"Tottenham Hotspur Stadium","Andre Marriner",NA,"https://fbref.com/en/matches/3cd9a733/Tottenham-Hotspur-Watford-August-29-2021-Premier-League"
"Premier League","M","ENG",2022,NA,"3","Sun",2021-08-29,"16:30","Wolves",0,2.1,"Manchester Utd",1,0.6,30621,"Molineux Stadium","Mike Dean",NA,"https://fbref.com/en/matches/871109e6/Wolverhampton-Wanderers-Manchester-United-August-29-2021-Premier-League"
"Premier League","M","ENG",2022,NA,"4","Sat",2021-09-11,"12:30","Crystal Palace",3,2.1,"Tottenham",0,0.1,26000,"Selhurst Park","Jonathan Moss",NA,"https://fbref.com/en/matches/17e86f90/Crystal-Palace-Tottenham-Hotspur-September-11-2021-Premier-League"
"Premier League","M","ENG",2022,NA,"4","Sat",2021-09-11,"15:00","Watford",0,0.2,"Wolves",2,2.2,20019,"Vicarage Road Stadium","Peter Bankes",NA,"https://fbref.com/en/matches/09db0909/Watford-Wolverhampton-Wanderers-September-11-2021-Premier-League"
"Premier League","M","ENG",2022,NA,"4","Sat",2021-09-11,"15:00","Brentford",0,0.4,"Brighton",1,0.3,16518,"Brentford Community Stadium","Graham Scott",NA,"https://fbref.com/en/matches/19a03697/Brentford-Brighton-and-Hove-Albion-September-11-2021-Premier-League"
"Premier League","M","ENG",2022,NA,"4","Sat",2021-09-11,"15:00","Arsenal",1,2.7,"Norwich City",0,0.7,58000,"Emirates Stadium","Michael Oliver",NA,"https://fbref.com/en/matches/4ac58f71/Arsenal-Norwich-City-September-11-2021-Premier-League"
"Premier League","M","ENG",2022,NA,"4","Sat",2021-09-11,"15:00","Manchester Utd",4,2.5,"Newcastle Utd",1,0.4,72732,"Old Trafford","Anthony Taylor",NA,"https://fbref.com/en/matches/7794fd6c/Manchester-United-Newcastle-United-September-11-2021-Premier-League"
"Premier League","M","ENG",2022,NA,"4","Sat",2021-09-11,"15:00","Leicester City",0,0.6,"Manchester City",1,2.8,32087,"King Power Stadium","Paul Tierney",NA,"https://fbref.com/en/matches/8dd69c8d/Leicester-City-Manchester-City-September-11-2021-Premier-League"
"Premier League","M","ENG",2022,NA,"4","Sat",2021-09-11,"15:00","Southampton",0,0.7,"West Ham",0,0.7,30000,"St. Mary's Stadium","David Coote",NA,"https://fbref.com/en/matches/ddff1858/Southampton-West-Ham-United-September-11-2021-Premier-League"
"Premier League","M","ENG",2022,NA,"4","Sat",2021-09-11,"17:30","Chelsea",3,1.3,"Aston Villa",0,1.2,39969,"Stamford Bridge","Stuart Attwell",NA,"https://fbref.com/en/matches/67bbc3a5/Chelsea-Aston-Villa-September-11-2021-Premier-League"
"Premier League","M","ENG",2022,NA,"4","Sun",2021-09-12,"16:30","Leeds United",0,1.2,"Liverpool",3,4.3,36507,"Elland Road","Craig Pawson",NA,"https://fbref.com/en/matches/e6a245be/Leeds-United-Liverpool-September-12-2021-Premier-League"
"Premier League","M","ENG",2022,NA,"4","Mon",2021-09-13,"20:00","Everton",3,1.4,"Burnley",1,1,30000,"Goodison Park","Martin Atkinson",NA,"https://fbref.com/en/matches/668b2f97/Everton-Burnley-September-13-2021-Premier-League"
"Premier League","M","ENG",2022,NA,"5","Fri",2021-09-17,"20:00","Newcastle Utd",1,1.3,"Leeds United",1,1.5,50407,"St. James' Park","Mike Dean",NA,"https://fbref.com/en/matches/aad7d38a/Newcastle-United-Leeds-United-September-17-2021-Premier-League"
"Premier League","M","ENG",2022,NA,"5","Sat",2021-09-18,"12:30","Wolves",0,0.6,"Brentford",2,2.5,30000,"Molineux Stadium","Darren England",NA,"https://fbref.com/en/matches/fd1d60f4/Wolverhampton-Wanderers-Brentford-September-18-2021-Premier-League"
"Premier League","M","ENG",2022,NA,"5","Sat",2021-09-18,"15:00","Manchester City",0,1,"Southampton",0,0.4,52698,"Etihad Stadium","Jonathan Moss",NA,"https://fbref.com/en/matches/1576c578/Manchester-City-Southampton-September-18-2021-Premier-League"
"Premier League","M","ENG",2022,NA,"5","Sat",2021-09-18,"15:00","Liverpool",3,3.1,"Crystal Palace",0,0.6,52000,"Anfield","Andy Madley",NA,"https://fbref.com/en/matches/59ef8c18/Liverpool-Crystal-Palace-September-18-2021-Premier-League"
"Premier League","M","ENG",2022,NA,"5","Sat",2021-09-18,"15:00","Norwich City",1,1,"Watford",3,2.4,26649,"Carrow Road","Robert Jones",NA,"https://fbref.com/en/matches/835fa19c/Norwich-City-Watford-September-18-2021-Premier-League"
"Premier League","M","ENG",2022,NA,"5","Sat",2021-09-18,"15:00","Burnley",0,1,"Arsenal",1,1.1,20000,"Turf Moor","Anthony Taylor",NA,"https://fbref.com/en/matches/a427debc/Burnley-Arsenal-September-18-2021-Premier-League"
"Premier League","M","ENG",2022,NA,"5","Sat",2021-09-18,"17:30","Aston Villa",3,0.8,"Everton",0,0.7,41888,"Villa Park","Craig Pawson",NA,"https://fbref.com/en/matches/57323feb/Aston-Villa-Everton-September-18-2021-Premier-League"
"Premier League","M","ENG",2022,NA,"5","Sun",2021-09-19,"14:00","West Ham",1,1.6,"Manchester Utd",2,2,60000,"London Stadium","Martin Atkinson",NA,"https://fbref.com/en/matches/2daea068/West-Ham-United-Manchester-United-September-19-2021-Premier-League"
"Premier League","M","ENG",2022,NA,"5","Sun",2021-09-19,"14:00","Brighton",2,1.7,"Leicester City",1,1.6,31078,"The American Express Community Stadium","Stuart Attwell",NA,"https://fbref.com/en/matches/723f5105/Brighton-and-Hove-Albion-Leicester-City-September-19-2021-Premier-League"
"Premier League","M","ENG",2022,NA,"5","Sun",2021-09-19,"16:30","Tottenham",0,0.5,"Chelsea",3,2.1,60059,"Tottenham Hotspur Stadium","Paul Tierney",NA,"https://fbref.com/en/matches/eaf98461/Tottenham-Hotspur-Chelsea-September-19-2021-Premier-League"
"Premier League","M","ENG",2022,NA,"6","Sat",2021-09-25,"12:30","Manchester Utd",0,2.2,"Aston Villa",1,1,72922,"Old Trafford","Mike Dean",NA,"https://fbref.com/en/matches/7c21232e/Manchester-United-Aston-Villa-September-25-2021-Premier-League"
"Premier League","M","ENG",2022,NA,"6","Sat",2021-09-25,"12:30","Chelsea",0,0.2,"Manchester City",1,1.7,40036,"Stamford Bridge","Michael Oliver",NA,"https://fbref.com/en/matches/fc59faf7/Chelsea-Manchester-City-September-25-2021-Premier-League"
"Premier League","M","ENG",2022,NA,"6","Sat",2021-09-25,"15:00","Leicester City",2,2.4,"Burnley",2,0.5,31650,"King Power Stadium","Chris Kavanagh",NA,"https://fbref.com/en/matches/2d61f328/Leicester-City-Burnley-September-25-2021-Premier-League"
"Premier League","M","ENG",2022,NA,"6","Sat",2021-09-25,"15:00","Leeds United",1,1.2,"West Ham",2,1.6,36417,"Elland Road","Kevin Friend",NA,"https://fbref.com/en/matches/6e228b2c/Leeds-United-West-Ham-United-September-25-2021-Premier-League"
"Premier League","M","ENG",2022,NA,"6","Sat",2021-09-25,"15:00","Watford",1,0.9,"Newcastle Utd",1,1.9,20650,"Vicarage Road Stadium","Jarred Gillett",NA,"https://fbref.com/en/matches/70fda3e9/Watford-Newcastle-United-September-25-2021-Premier-League"
"Premier League","M","ENG",2022,NA,"6","Sat",2021-09-25,"15:00","Everton",2,1.9,"Norwich City",0,0.5,38821,"Goodison Park","David Coote",NA,"https://fbref.com/en/matches/d516ccbf/Everton-Norwich-City-September-25-2021-Premier-League"
"Premier League","M","ENG",2022,NA,"6","Sat",2021-09-25,"17:30","Brentford",3,2.1,"Liverpool",3,2.8,16876,"Brentford Community Stadium","Stuart Attwell",NA,"https://fbref.com/en/matches/87140543/Brentford-Liverpool-September-25-2021-Premier-League"
"Premier League","M","ENG",2022,NA,"6","Sun",2021-09-26,"14:00","Southampton",0,1,"Wolves",1,1,28002,"St. Mary's Stadium","Andy Madley",NA,"https://fbref.com/en/matches/d99f984c/Southampton-Wolverhampton-Wanderers-September-26-2021-Premier-League"
"Premier League","M","ENG",2022,NA,"6","Sun",2021-09-26,"16:30","Arsenal",3,1.1,"Tottenham",1,1,59919,"Emirates Stadium","Craig Pawson",NA,"https://fbref.com/en/matches/a2c07e97/North-London-Derby-Arsenal-Tottenham-Hotspur-September-26-2021-Premier-League"
"Premier League","M","ENG",2022,NA,"6","Mon",2021-09-27,"20:00","Crystal Palace",1,1.4,"Brighton",1,0.8,22975,"Selhurst Park","Andre Marriner",NA,"https://fbref.com/en/matches/3d7659fc/Crystal-Palace-Brighton-and-Hove-Albion-September-27-2021-Premier-League"
"Premier League","M","ENG",2022,NA,"7","Sat",2021-10-02,"12:30","Manchester Utd",1,1,"Everton",1,1.3,73128,"Old Trafford","Michael Oliver",NA,"https://fbref.com/en/matches/2129c7e9/Manchester-United-Everton-October-2-2021-Premier-League"
"Premier League","M","ENG",2022,NA,"7","Sat",2021-10-02,"15:00","Wolves",2,1,"Newcastle Utd",1,0.6,30483,"Molineux Stadium","Graham Scott",NA,"https://fbref.com/en/matches/00dcbdaa/Wolverhampton-Wanderers-Newcastle-United-October-2-2021-Premier-League"
"Premier League","M","ENG",2022,NA,"7","Sat",2021-10-02,"15:00","Burnley",0,1.2,"Norwich City",0,0.6,17427,"Turf Moor","Kevin Friend",NA,"https://fbref.com/en/matches/9231df9a/Burnley-Norwich-City-October-2-2021-Premier-League"
"Premier League","M","ENG",2022,NA,"7","Sat",2021-10-02,"15:00","Chelsea",3,3.3,"Southampton",1,1.3,40109,"Stamford Bridge","Martin Atkinson",NA,"https://fbref.com/en/matches/a6466617/Chelsea-Southampton-October-2-2021-Premier-League"
"Premier League","M","ENG",2022,NA,"7","Sat",2021-10-02,"15:00","Leeds United",1,1.3,"Watford",0,0.2,36261,"Elland Road","Simon Hooper",NA,"https://fbref.com/en/matches/be9d8a45/Leeds-United-Watford-October-2-2021-Premier-League"
"Premier League","M","ENG",2022,NA,"7","Sat",2021-10-02,"17:30","Brighton",0,1.1,"Arsenal",0,0.4,31266,"The American Express Community Stadium","Jonathan Moss",NA,"https://fbref.com/en/matches/cdaded7b/Brighton-and-Hove-Albion-Arsenal-October-2-2021-Premier-League"
"Premier League","M","ENG",2022,NA,"7","Sun",2021-10-03,"14:00","Tottenham",2,1.3,"Aston Villa",1,1.2,53076,"Tottenham Hotspur Stadium","Chris Kavanagh",NA,"https://fbref.com/en/matches/7bb0a43c/Tottenham-Hotspur-Aston-Villa-October-3-2021-Premier-League"
"Premier League","M","ENG",2022,NA,"7","Sun",2021-10-03,"14:00","Crystal Palace",2,1.5,"Leicester City",2,1.2,25000,"Selhurst Park","Anthony Taylor",NA,"https://fbref.com/en/matches/b06fd537/Crystal-Palace-Leicester-City-October-3-2021-Premier-League"
"Premier League","M","ENG",2022,NA,"7","Sun",2021-10-03,"14:00","West Ham",1,1.5,"Brentford",2,1.2,49940,"London Stadium","Peter Bankes",NA,"https://fbref.com/en/matches/f1eead63/West-Ham-United-Brentford-October-3-2021-Premier-League"
"Premier League","M","ENG",2022,NA,"7","Sun",2021-10-03,"16:30","Liverpool",2,0.9,"Manchester City",2,1.2,53102,"Anfield","Paul Tierney",NA,"https://fbref.com/en/matches/2598b046/Liverpool-Manchester-City-October-3-2021-Premier-League"
"Premier League","M","ENG",2022,NA,"8","Sat",2021-10-16,"12:30","Watford",0,0.5,"Liverpool",5,3.3,21085,"Vicarage Road Stadium","Jonathan Moss",NA,"https://fbref.com/en/matches/2ce6d340/Watford-Liverpool-October-16-2021-Premier-League"
"Premier League","M","ENG",2022,NA,"8","Sat",2021-10-16,"15:00","Leicester City",4,2.4,"Manchester Utd",2,1.2,32219,"King Power Stadium","Craig Pawson",NA,"https://fbref.com/en/matches/45502ded/Leicester-City-Manchester-United-October-16-2021-Premier-League"
"Premier League","M","ENG",2022,NA,"8","Sat",2021-10-16,"15:00","Manchester City",2,2.1,"Burnley",0,0.9,52711,"Etihad Stadium","Martin Atkinson",NA,"https://fbref.com/en/matches/55778d0d/Manchester-City-Burnley-October-16-2021-Premier-League"
"Premier League","M","ENG",2022,NA,"8","Sat",2021-10-16,"15:00","Southampton",1,1.9,"Leeds United",0,0.2,30506,"St. Mary's Stadium","David Coote",NA,"https://fbref.com/en/matches/8bde822c/Southampton-Leeds-United-October-16-2021-Premier-League"
"Premier League","M","ENG",2022,NA,"8","Sat",2021-10-16,"15:00","Aston Villa",2,1,"Wolves",3,2,41951,"Villa Park","Michael Oliver",NA,"https://fbref.com/en/matches/a1668499/Aston-Villa-Wolverhampton-Wanderers-October-16-2021-Premier-League"
"Premier League","M","ENG",2022,NA,"8","Sat",2021-10-16,"15:00","Norwich City",0,1.2,"Brighton",0,0.8,26777,"Carrow Road","Peter Bankes",NA,"https://fbref.com/en/matches/bc0a1eb5/Norwich-City-Brighton-and-Hove-Albion-October-16-2021-Premier-League"
"Premier League","M","ENG",2022,NA,"8","Sat",2021-10-16,"17:30","Brentford",0,1.4,"Chelsea",1,0.3,16940,"Brentford Community Stadium","Anthony Taylor",NA,"https://fbref.com/en/matches/866cfb1f/Brentford-Chelsea-October-16-2021-Premier-League"
"Premier League","M","ENG",2022,NA,"8","Sun",2021-10-17,"14:00","Everton",0,0.9,"West Ham",1,1.2,39132,"Goodison Park","Stuart Attwell",NA,"https://fbref.com/en/matches/15871600/Everton-West-Ham-United-October-17-2021-Premier-League"
"Premier League","M","ENG",2022,NA,"8","Sun",2021-10-17,"16:30","Newcastle Utd",2,0.4,"Tottenham",3,1.7,52214,"St. James' Park","Andre Marriner",NA,"https://fbref.com/en/matches/4bd69343/Newcastle-United-Tottenham-Hotspur-October-17-2021-Premier-League"
"Premier League","M","ENG",2022,NA,"8","Mon",2021-10-18,"20:00","Arsenal",2,1.7,"Crystal Palace",2,0.7,59475,"Emirates Stadium","Mike Dean",NA,"https://fbref.com/en/matches/0f3a1892/Arsenal-Crystal-Palace-October-18-2021-Premier-League"
"Premier League","M","ENG",2022,NA,"9","Fri",2021-10-22,"20:00","Arsenal",3,2.7,"Aston Villa",1,1.4,59496,"Emirates Stadium","Craig Pawson",NA,"https://fbref.com/en/matches/ac95a75a/Arsenal-Aston-Villa-October-22-2021-Premier-League"
"Premier League","M","ENG",2022,NA,"9","Sat",2021-10-23,"12:30","Chelsea",7,3.1,"Norwich City",0,0.1,40113,"Stamford Bridge","Andy Madley",NA,"https://fbref.com/en/matches/a6ff9cf9/Chelsea-Norwich-City-October-23-2021-Premier-League"
"Premier League","M","ENG",2022,NA,"9","Sat",2021-10-23,"15:00","Leeds United",1,1.6,"Wolves",1,0.9,36475,"Elland Road","Robert Jones",NA,"https://fbref.com/en/matches/49b3afe3/Leeds-United-Wolverhampton-Wanderers-October-23-2021-Premier-League"
"Premier League","M","ENG",2022,NA,"9","Sat",2021-10-23,"15:00","Crystal Palace",1,1.9,"Newcastle Utd",1,0.3,24609,"Selhurst Park","Darren England",NA,"https://fbref.com/en/matches/4d1b6f6f/Crystal-Palace-Newcastle-United-October-23-2021-Premier-League"
"Premier League","M","ENG",2022,NA,"9","Sat",2021-10-23,"15:00","Everton",2,1.5,"Watford",5,3.7,38834,"Goodison Park","Graham Scott",NA,"https://fbref.com/en/matches/6985d123/Everton-Watford-October-23-2021-Premier-League"
"Premier League","M","ENG",2022,NA,"9","Sat",2021-10-23,"15:00","Southampton",2,1.6,"Burnley",2,0.7,29145,"St. Mary's Stadium","Chris Kavanagh",NA,"https://fbref.com/en/matches/d5164fbe/Southampton-Burnley-October-23-2021-Premier-League"
"Premier League","M","ENG",2022,NA,"9","Sat",2021-10-23,"17:30","Brighton",1,1.3,"Manchester City",4,3.8,31215,"The American Express Community Stadium","Kevin Friend",NA,"https://fbref.com/en/matches/dc93611c/Brighton-and-Hove-Albion-Manchester-City-October-23-2021-Premier-League"
"Premier League","M","ENG",2022,NA,"9","Sun",2021-10-24,"14:00","West Ham",1,1.3,"Tottenham",0,0.7,59924,"London Stadium","Paul Tierney",NA,"https://fbref.com/en/matches/70c508ee/West-Ham-United-Tottenham-Hotspur-October-24-2021-Premier-League"
"Premier League","M","ENG",2022,NA,"9","Sun",2021-10-24,"14:00","Brentford",1,1,"Leicester City",2,1.5,16814,"Brentford Community Stadium","Simon Hooper",NA,"https://fbref.com/en/matches/b5c25937/Brentford-Leicester-City-October-24-2021-Premier-League"
"Premier League","M","ENG",2022,NA,"9","Sun",2021-10-24,"16:30","Manchester Utd",0,1.6,"Liverpool",5,3.4,73088,"Old Trafford","Anthony Taylor",NA,"https://fbref.com/en/matches/b886bec4/North-West-Derby-Manchester-United-Liverpool-October-24-2021-Premier-League"
"Premier League","M","ENG",2022,NA,"10","Sat",2021-10-30,"12:30","Leicester City",0,1.3,"Arsenal",2,0.7,32209,"King Power Stadium","Michael Oliver",NA,"https://fbref.com/en/matches/719b57c6/Leicester-City-Arsenal-October-30-2021-Premier-League"
"Premier League","M","ENG",2022,NA,"10","Sat",2021-10-30,"15:00","Newcastle Utd",0,0.2,"Chelsea",3,2.2,52208,"St. James' Park","Paul Tierney",NA,"https://fbref.com/en/matches/49478cd2/Newcastle-United-Chelsea-October-30-2021-Premier-League"
"Premier League","M","ENG",2022,NA,"10","Sat",2021-10-30,"15:00","Liverpool",2,1.5,"Brighton",2,1,52598,"Anfield","Mike Dean",NA,"https://fbref.com/en/matches/c68998b5/Liverpool-Brighton-and-Hove-Albion-October-30-2021-Premier-League"
"Premier League","M","ENG",2022,NA,"10","Sat",2021-10-30,"15:00","Burnley",3,2.3,"Brentford",1,0.8,18821,"Turf Moor","Jonathan Moss",NA,"https://fbref.com/en/matches/c8915e9e/Burnley-Brentford-October-30-2021-Premier-League"
"Premier League","M","ENG",2022,NA,"10","Sat",2021-10-30,"15:00","Watford",0,1,"Southampton",1,1.8,20869,"Vicarage Road Stadium","Peter Bankes",NA,"https://fbref.com/en/matches/e3521093/Watford-Southampton-October-30-2021-Premier-League"
"Premier League","M","ENG",2022,NA,"10","Sat",2021-10-30,"15:00","Manchester City",0,0.7,"Crystal Palace",2,0.7,53014,"Etihad Stadium","Andre Marriner",NA,"https://fbref.com/en/matches/eb6c294f/Manchester-City-Crystal-Palace-October-30-2021-Premier-League"
"Premier League","M","ENG",2022,NA,"10","Sat",2021-10-30,"17:30","Tottenham",0,1,"Manchester Utd",3,1.5,60356,"Tottenham Hotspur Stadium","Stuart Attwell",NA,"https://fbref.com/en/matches/5a2b8c26/Tottenham-Hotspur-Manchester-United-October-30-2021-Premier-League"
"Premier League","M","ENG",2022,NA,"10","Sun",2021-10-31,"14:00","Norwich City",1,0.8,"Leeds United",2,0.7,26913,"Carrow Road","Anthony Taylor",NA,"https://fbref.com/en/matches/52daf8d4/Norwich-City-Leeds-United-October-31-2021-Premier-League"
"Premier League","M","ENG",2022,NA,"10","Sun",2021-10-31,"16:30","Aston Villa",1,0.7,"West Ham",4,2.3,41874,"Villa Park","Chris Kavanagh",NA,"https://fbref.com/en/matches/a62478a2/Aston-Villa-West-Ham-United-October-31-2021-Premier-League"
"Premier League","M","ENG",2022,NA,"10","Mon",2021-11-01,"20:00","Wolves",2,1.7,"Everton",1,1.5,30617,"Molineux Stadium","Martin Atkinson",NA,"https://fbref.com/en/matches/c9ad66cc/Wolverhampton-Wanderers-Everton-November-1-2021-Premier-League"
"Premier League","M","ENG",2022,NA,"11","Fri",2021-11-05,"20:00","Southampton",1,0.6,"Aston Villa",0,0.6,30178,"St. Mary's Stadium","Andy Madley",NA,"https://fbref.com/en/matches/868bd31f/Southampton-Aston-Villa-November-5-2021-Premier-League"
"Premier League","M","ENG",2022,NA,"11","Sat",2021-11-06,"12:30","Manchester Utd",0,0.9,"Manchester City",2,1.6,73086,"Old Trafford","Michael Oliver",NA,"https://fbref.com/en/matches/5fa5be28/Manchester-Derby-Manchester-United-Manchester-City-November-6-2021-Premier-League"
"Premier League","M","ENG",2022,NA,"11","Sat",2021-11-06,"15:00","Brentford",1,2.5,"Norwich City",2,1.2,16837,"Brentford Community Stadium","Jarred Gillett",NA,"https://fbref.com/en/matches/0f029791/Brentford-Norwich-City-November-6-2021-Premier-League"
"Premier League","M","ENG",2022,NA,"11","Sat",2021-11-06,"15:00","Chelsea",1,1.8,"Burnley",1,0.7,39798,"Stamford Bridge","Andre Marriner",NA,"https://fbref.com/en/matches/316c0296/Chelsea-Burnley-November-6-2021-Premier-League"
"Premier League","M","ENG",2022,NA,"11","Sat",2021-11-06,"15:00","Crystal Palace",2,1.9,"Wolves",0,0.3,24390,"Selhurst Park","Graham Scott",NA,"https://fbref.com/en/matches/3a2fff4d/Crystal-Palace-Wolverhampton-Wanderers-November-6-2021-Premier-League"
"Premier League","M","ENG",2022,NA,"11","Sat",2021-11-06,"17:30","Brighton",1,1.5,"Newcastle Utd",1,0.3,31267,"The American Express Community Stadium","David Coote",NA,"https://fbref.com/en/matches/10d11999/Brighton-and-Hove-Albion-Newcastle-United-November-6-2021-Premier-League"
"Premier League","M","ENG",2022,NA,"11","Sun",2021-11-07,"14:00","Everton",0,0.6,"Tottenham",0,0.7,39059,"Goodison Park","Chris Kavanagh",NA,"https://fbref.com/en/matches/224d1c99/Everton-Tottenham-Hotspur-November-7-2021-Premier-League"
"Premier League","M","ENG",2022,NA,"11","Sun",2021-11-07,"14:00","Leeds United",1,1.3,"Leicester City",1,0.7,36478,"Elland Road","Darren England",NA,"https://fbref.com/en/matches/8fd004c6/Leeds-United-Leicester-City-November-7-2021-Premier-League"
"Premier League","M","ENG",2022,NA,"11","Sun",2021-11-07,"14:00","Arsenal",1,1.6,"Watford",0,0.5,59833,"Emirates Stadium","Kevin Friend",NA,"https://fbref.com/en/matches/e0208fcf/Arsenal-Watford-November-7-2021-Premier-League"
"Premier League","M","ENG",2022,NA,"11","Sun",2021-11-07,"16:30","West Ham",3,1,"Liverpool",2,1.2,59909,"London Stadium","Craig Pawson",NA,"https://fbref.com/en/matches/63538dc7/West-Ham-United-Liverpool-November-7-2021-Premier-League"
"Premier League","M","ENG",2022,NA,"12","Sat",2021-11-20,"12:30","Leicester City",0,0.4,"Chelsea",3,2,35497,"King Power Stadium","Paul Tierney",NA,"https://fbref.com/en/matches/2fd486d6/Leicester-City-Chelsea-November-20-2021-Premier-League"
"Premier League","M","ENG",2022,NA,"12","Sat",2021-11-20,"15:00","Wolves",1,1.4,"West Ham",0,0.4,30667,"Molineux Stadium","Mike Dean",NA,"https://fbref.com/en/matches/013c4797/Wolverhampton-Wanderers-West-Ham-United-November-20-2021-Premier-League"
"Premier League","M","ENG",2022,NA,"12","Sat",2021-11-20,"15:00","Watford",4,2.7,"Manchester Utd",1,1.4,21087,"Vicarage Road Stadium","Jonathan Moss",NA,"https://fbref.com/en/matches/31a03035/Watford-Manchester-United-November-20-2021-Premier-League"
"Premier League","M","ENG",2022,NA,"12","Sat",2021-11-20,"15:00","Norwich City",2,0.5,"Southampton",1,1,26885,"Carrow Road","Martin Atkinson",NA,"https://fbref.com/en/matches/4bddaba4/Norwich-City-Southampton-November-20-2021-Premier-League"
"Premier League","M","ENG",2022,NA,"12","Sat",2021-11-20,"15:00","Aston Villa",2,0.7,"Brighton",0,0.4,41925,"Villa Park","Anthony Taylor",NA,"https://fbref.com/en/matches/88f081ac/Aston-Villa-Brighton-and-Hove-Albion-November-20-2021-Premier-League"
"Premier League","M","ENG",2022,NA,"12","Sat",2021-11-20,"15:00","Newcastle Utd",3,1.5,"Brentford",3,0.9,52131,"St. James' Park","Robert Jones",NA,"https://fbref.com/en/matches/adbf56bc/Newcastle-United-Brentford-November-20-2021-Premier-League"
"Premier League","M","ENG",2022,NA,"12","Sat",2021-11-20,"15:00","Burnley",3,1.5,"Crystal Palace",3,1.9,18028,"Turf Moor","Simon Hooper",NA,"https://fbref.com/en/matches/e7ab34c4/Burnley-Crystal-Palace-November-20-2021-Premier-League"
"Premier League","M","ENG",2022,NA,"12","Sat",2021-11-20,"17:30","Liverpool",4,4.3,"Arsenal",0,0.4,53092,"Anfield","Michael Oliver",NA,"https://fbref.com/en/matches/e9ea66e1/Liverpool-Arsenal-November-20-2021-Premier-League"
"Premier League","M","ENG",2022,NA,"12","Sun",2021-11-21,"14:00","Manchester City",3,2.5,"Everton",0,0.2,52571,"Etihad Stadium","Stuart Attwell",NA,"https://fbref.com/en/matches/bfbe7402/Manchester-City-Everton-November-21-2021-Premier-League"
"Premier League","M","ENG",2022,NA,"12","Sun",2021-11-21,"16:30","Tottenham",2,2.1,"Leeds United",1,1.4,58989,"Tottenham Hotspur Stadium","Andre Marriner",NA,"https://fbref.com/en/matches/a74a684e/Tottenham-Hotspur-Leeds-United-November-21-2021-Premier-League"
"Premier League","M","ENG",2022,NA,"13","Sat",2021-11-27,"12:30","Arsenal",2,2.5,"Newcastle Utd",0,0.3,59886,"Emirates Stadium","Stuart Attwell",NA,"https://fbref.com/en/matches/067e0ab9/Arsenal-Newcastle-United-November-27-2021-Premier-League"
"Premier League","M","ENG",2022,NA,"13","Sat",2021-11-27,"15:00","Crystal Palace",1,1,"Aston Villa",2,0.5,25203,"Selhurst Park","Michael Salisbury",NA,"https://fbref.com/en/matches/4a7a9e3b/Crystal-Palace-Aston-Villa-November-27-2021-Premier-League"
"Premier League","M","ENG",2022,NA,"13","Sat",2021-11-27,"15:00","Liverpool",4,2.9,"Southampton",0,1,53040,"Anfield","Andre Marriner",NA,"https://fbref.com/en/matches/aa9b882d/Liverpool-Southampton-November-27-2021-Premier-League"
"Premier League","M","ENG",2022,NA,"13","Sat",2021-11-27,"15:00","Norwich City",0,1.6,"Wolves",0,0.3,26911,"Carrow Road","Simon Hooper",NA,"https://fbref.com/en/matches/ff3bd755/Norwich-City-Wolverhampton-Wanderers-November-27-2021-Premier-League"
"Premier League","M","ENG",2022,NA,"13","Sat",2021-11-27,"17:30","Brighton",0,2.1,"Leeds United",0,0.6,31166,"The American Express Community Stadium","Craig Pawson",NA,"https://fbref.com/en/matches/5d651cd7/Brighton-and-Hove-Albion-Leeds-United-November-27-2021-Premier-League"
"Premier League","M","ENG",2022,NA,"13","Sun",2021-11-28,"14:00","Brentford",1,1.2,"Everton",0,1,16957,"Brentford Community Stadium","Darren England",NA,"https://fbref.com/en/matches/286c4c1c/Brentford-Everton-November-28-2021-Premier-League"
"Premier League","M","ENG",2022,NA,"13","Sun",2021-11-28,"14:00","Leicester City",4,2.1,"Watford",2,2.8,32020,"King Power Stadium","Andy Madley",NA,"https://fbref.com/en/matches/c2e426c8/Leicester-City-Watford-November-28-2021-Premier-League"
"Premier League","M","ENG",2022,NA,"13","Sun",2021-11-28,"14:00","Manchester City",2,2.1,"West Ham",1,0.2,53245,"Etihad Stadium","Michael Oliver",NA,"https://fbref.com/en/matches/c37446de/Manchester-City-West-Ham-United-November-28-2021-Premier-League"
"Premier League","M","ENG",2022,NA,"13","Sun",2021-11-28,"16:30","Chelsea",1,2.7,"Manchester Utd",1,0.9,40041,"Stamford Bridge","Anthony Taylor",NA,"https://fbref.com/en/matches/08b3c5d8/Chelsea-Manchester-United-November-28-2021-Premier-League"
"Premier League","M","ENG",2022,NA,"14","Tue",2021-11-30,"19:30","Newcastle Utd",1,1.1,"Norwich City",1,1.2,50757,"St. James' Park","Andy Madley",NA,"https://fbref.com/en/matches/ce4d873f/Newcastle-United-Norwich-City-November-30-2021-Premier-League"
"Premier League","M","ENG",2022,NA,"14","Tue",2021-11-30,"20:15","Leeds United",1,1.4,"Crystal Palace",0,1.1,35558,"Elland Road","Kevin Friend",NA,"https://fbref.com/en/matches/b0ab4044/Leeds-United-Crystal-Palace-November-30-2021-Premier-League"
"Premier League","M","ENG",2022,NA,"14","Wed",2021-12-01,"19:30","Southampton",2,1.5,"Leicester City",2,1.5,26951,"St. Mary's Stadium","Robert Jones",NA,"https://fbref.com/en/matches/135f5959/Southampton-Leicester-City-December-1-2021-Premier-League"
"Premier League","M","ENG",2022,NA,"14","Wed",2021-12-01,"19:30","West Ham",1,1.3,"Brighton",1,1.3,59626,"London Stadium","Chris Kavanagh",NA,"https://fbref.com/en/matches/2049300f/West-Ham-United-Brighton-and-Hove-Albion-December-1-2021-Premier-League"
"Premier League","M","ENG",2022,NA,"14","Wed",2021-12-01,"19:30","Wolves",0,0.7,"Burnley",0,0.2,30328,"Molineux Stadium","John Brooks",NA,"https://fbref.com/en/matches/a3fc2ddc/Wolverhampton-Wanderers-Burnley-December-1-2021-Premier-League"
"Premier League","M","ENG",2022,NA,"14","Wed",2021-12-01,"19:30","Watford",1,1,"Chelsea",2,0.9,20388,"Vicarage Road Stadium","David Coote",NA,"https://fbref.com/en/matches/f475576b/Watford-Chelsea-December-1-2021-Premier-League"
"Premier League","M","ENG",2022,NA,"14","Wed",2021-12-01,"20:15","Aston Villa",1,0.8,"Manchester City",2,1,41400,"Villa Park","Mike Dean",NA,"https://fbref.com/en/matches/1993b7ec/Aston-Villa-Manchester-City-December-1-2021-Premier-League"
"Premier League","M","ENG",2022,NA,"14","Wed",2021-12-01,"20:15","Everton",1,0.7,"Liverpool",4,2.4,39641,"Goodison Park","Paul Tierney",NA,"https://fbref.com/en/matches/b46554fb/Merseyside-Derby-Everton-Liverpool-December-1-2021-Premier-League"
"Premier League","M","ENG",2022,NA,"14","Thu",2021-12-02,"19:30","Tottenham",2,1.9,"Brentford",0,0.3,54202,"Tottenham Hotspur Stadium","Jonathan Moss",NA,"https://fbref.com/en/matches/a80b3790/Tottenham-Hotspur-Brentford-December-2-2021-Premier-League"
"Premier League","M","ENG",2022,NA,"14","Thu",2021-12-02,"20:15","Manchester Utd",3,1.9,"Arsenal",2,1.4,73123,"Old Trafford","Martin Atkinson",NA,"https://fbref.com/en/matches/4323a38f/Manchester-United-Arsenal-December-2-2021-Premier-League"
"Premier League","M","ENG",2022,NA,"15","Sat",2021-12-04,"12:30","West Ham",3,1.8,"Chelsea",2,1.1,59942,"London Stadium","Andre Marriner",NA,"https://fbref.com/en/matches/776aa8ab/West-Ham-United-Chelsea-December-4-2021-Premier-League"
"Premier League","M","ENG",2022,NA,"15","Sat",2021-12-04,"15:00","Newcastle Utd",1,1,"Burnley",0,0.6,51948,"St. James' Park","Paul Tierney",NA,"https://fbref.com/en/matches/11ed382d/Newcastle-United-Burnley-December-4-2021-Premier-League"
"Premier League","M","ENG",2022,NA,"15","Sat",2021-12-04,"15:00","Southampton",1,1.6,"Brighton",1,1.6,28706,"St. Mary's Stadium","Anthony Taylor",NA,"https://fbref.com/en/matches/27fd5d70/Southampton-Brighton-and-Hove-Albion-December-4-2021-Premier-League"
"Premier League","M","ENG",2022,NA,"15","Sat",2021-12-04,"15:00","Wolves",0,0.1,"Liverpool",1,2.7,30729,"Molineux Stadium","Chris Kavanagh",NA,"https://fbref.com/en/matches/37d61ff3/Wolverhampton-Wanderers-Liverpool-December-4-2021-Premier-League"
"Premier League","M","ENG",2022,NA,"15","Sat",2021-12-04,"17:30","Watford",1,0.8,"Manchester City",3,3.1,20673,"Vicarage Road Stadium","Simon Hooper",NA,"https://fbref.com/en/matches/befb6648/Watford-Manchester-City-December-4-2021-Premier-League"
"Premier League","M","ENG",2022,NA,"15","Sun",2021-12-05,"14:00","Leeds United",2,1.2,"Brentford",2,1,35639,"Elland Road","David Coote",NA,"https://fbref.com/en/matches/175160b7/Leeds-United-Brentford-December-5-2021-Premier-League"
"Premier League","M","ENG",2022,NA,"15","Sun",2021-12-05,"14:00","Tottenham",3,1.6,"Norwich City",0,1.2,57088,"Tottenham Hotspur Stadium","Jarred Gillett",NA,"https://fbref.com/en/matches/78e62deb/Tottenham-Hotspur-Norwich-City-December-5-2021-Premier-League"
"Premier League","M","ENG",2022,NA,"15","Sun",2021-12-05,"14:00","Manchester Utd",1,0.9,"Crystal Palace",0,0.5,73172,"Old Trafford","Craig Pawson",NA,"https://fbref.com/en/matches/8d10c8d4/Manchester-United-Crystal-Palace-December-5-2021-Premier-League"
"Premier League","M","ENG",2022,NA,"15","Sun",2021-12-05,"16:30","Aston Villa",2,2.1,"Leicester City",1,1.1,41572,"Villa Park","Michael Oliver",NA,"https://fbref.com/en/matches/49cc65ac/Aston-Villa-Leicester-City-December-5-2021-Premier-League"
"Premier League","M","ENG",2022,NA,"15","Mon",2021-12-06,"20:00","Everton",2,0.9,"Arsenal",1,1,38906,"Goodison Park","Mike Dean",NA,"https://fbref.com/en/matches/5fdb6c19/Everton-Arsenal-December-6-2021-Premier-League"
"Premier League","M","ENG",2022,NA,"16","Fri",2021-12-10,"20:00","Brentford",2,1.6,"Watford",1,0.5,16861,"Brentford Community Stadium","Michael Oliver",NA,"https://fbref.com/en/matches/49a36a4e/Brentford-Watford-December-10-2021-Premier-League"
"Premier League","M","ENG",2022,NA,"16","Sat",2021-12-11,"12:30","Manchester City",1,3.2,"Wolves",0,0.2,52613,"Etihad Stadium","Jonathan Moss",NA,"https://fbref.com/en/matches/d46b4a18/Manchester-City-Wolverhampton-Wanderers-December-11-2021-Premier-League"
"Premier League","M","ENG",2022,NA,"16","Sat",2021-12-11,"15:00","Liverpool",1,2.2,"Aston Villa",0,0.2,53093,"Anfield","Stuart Attwell",NA,"https://fbref.com/en/matches/678d7dca/Liverpool-Aston-Villa-December-11-2021-Premier-League"
"Premier League","M","ENG",2022,NA,"16","Sat",2021-12-11,"15:00","Arsenal",3,1.8,"Southampton",0,0.6,59653,"Emirates Stadium","Jarred Gillett",NA,"https://fbref.com/en/matches/6a35f07c/Arsenal-Southampton-December-11-2021-Premier-League"
"Premier League","M","ENG",2022,NA,"16","Sat",2021-12-11,"15:00","Chelsea",3,2.5,"Leeds United",2,1.4,39959,"Stamford Bridge","Chris Kavanagh",NA,"https://fbref.com/en/matches/6ad3036b/Chelsea-Leeds-United-December-11-2021-Premier-League"
"Premier League","M","ENG",2022,NA,"16","Sat",2021-12-11,"17:30","Norwich City",0,1.2,"Manchester Utd",1,2,27606,"Carrow Road","Darren England",NA,"https://fbref.com/en/matches/11a67612/Norwich-City-Manchester-United-December-11-2021-Premier-League"
"Premier League","M","ENG",2022,NA,"16","Sun",2021-12-12,"14:00","Burnley",0,0.8,"West Ham",0,0.8,18065,"Turf Moor","Graham Scott",NA,"https://fbref.com/en/matches/6d236ce6/Burnley-West-Ham-United-December-12-2021-Premier-League"
"Premier League","M","ENG",2022,NA,"16","Sun",2021-12-12,"14:00","Leicester City",4,2.6,"Newcastle Utd",0,1,31959,"King Power Stadium","Peter Bankes",NA,"https://fbref.com/en/matches/8805978d/Leicester-City-Newcastle-United-December-12-2021-Premier-League"
"Premier League","M","ENG",2022,NA,"16","Sun",2021-12-12,"16:30","Crystal Palace",3,1.8,"Everton",1,1,24066,"Selhurst Park","Andy Madley",NA,"https://fbref.com/en/matches/02abf29a/Crystal-Palace-Everton-December-12-2021-Premier-League"
"Premier League","M","ENG",2022,NA,"17","Tue",2021-12-14,"19:45","Norwich City",0,0.5,"Aston Villa",2,2,26836,"Carrow Road","David Coote",NA,"https://fbref.com/en/matches/c78a1d7d/Norwich-City-Aston-Villa-December-14-2021-Premier-League"
"Premier League","M","ENG",2022,NA,"17","Tue",2021-12-14,"20:00","Manchester City",7,3.1,"Leeds United",0,0.3,52401,"Etihad Stadium","Paul Tierney",NA,"https://fbref.com/en/matches/5730a84c/Manchester-City-Leeds-United-December-14-2021-Premier-League"
"Premier League","M","ENG",2022,NA,"17","Wed",2021-12-15,"19:30","Brighton",0,1.2,"Wolves",1,1,30362,"The American Express Community Stadium","Tony Harrington",NA,"https://fbref.com/en/matches/60178542/Brighton-and-Hove-Albion-Wolverhampton-Wanderers-December-15-2021-Premier-League"
"Premier League","M","ENG",2022,NA,"17","Wed",2021-12-15,"19:30","Crystal Palace",2,1.2,"Southampton",2,0.6,22861,"Selhurst Park","Simon Hooper",NA,"https://fbref.com/en/matches/9ebb60f0/Crystal-Palace-Southampton-December-15-2021-Premier-League"
"Premier League","M","ENG",2022,NA,"17","Wed",2021-12-15,"20:00","Arsenal",2,2.8,"West Ham",0,0.4,59777,"Emirates Stadium","Anthony Taylor",NA,"https://fbref.com/en/matches/3f1ff3a5/Arsenal-West-Ham-United-December-15-2021-Premier-League"
"Premier League","M","ENG",2022,NA,"17","Thu",2021-12-16,"19:45","Chelsea",1,2.9,"Everton",1,0.6,13933,"Stamford Bridge","Michael Oliver",NA,"https://fbref.com/en/matches/70209eb1/Chelsea-Everton-December-16-2021-Premier-League"
"Premier League","M","ENG",2022,NA,"17","Thu",2021-12-16,"20:00","Liverpool",3,2.7,"Newcastle Utd",1,0.3,52951,"Anfield","Mike Dean",NA,"https://fbref.com/en/matches/5aec4772/Liverpool-Newcastle-United-December-16-2021-Premier-League"
"Premier League","M","ENG",2022,NA,"18","Sat",2021-12-18,"17:30","Leeds United",1,1.6,"Arsenal",4,3.5,36166,"Elland Road","Andre Marriner",NA,"https://fbref.com/en/matches/53b542d8/Leeds-United-Arsenal-December-18-2021-Premier-League"
"Premier League","M","ENG",2022,NA,"18","Sun",2021-12-19,"14:00","Wolves",0,0.2,"Chelsea",0,0.9,30631,"Molineux Stadium","David Coote",NA,"https://fbref.com/en/matches/73d478fb/Wolverhampton-Wanderers-Chelsea-December-19-2021-Premier-League"
"Premier League","M","ENG",2022,NA,"18","Sun",2021-12-19,"14:15","Newcastle Utd",0,0.3,"Manchester City",4,2.9,52127,"St. James' Park","Martin Atkinson",NA,"https://fbref.com/en/matches/4d9bcee9/Newcastle-United-Manchester-City-December-19-2021-Premier-League"
"Premier League","M","ENG",2022,NA,"18","Sun",2021-12-19,"16:30","Tottenham",2,3,"Liverpool",2,1.1,45421,"Tottenham Hotspur Stadium","Paul Tierney",NA,"https://fbref.com/en/matches/4ac8dee4/Tottenham-Hotspur-Liverpool-December-19-2021-Premier-League"
"Premier League","M","ENG",2022,NA,"19","Sun",2021-12-26,"15:00","West Ham",2,1.6,"Southampton",3,1.2,41027,"London Stadium","Kevin Friend",NA,"https://fbref.com/en/matches/36a056cf/West-Ham-United-Southampton-December-26-2021-Premier-League"
"Premier League","M","ENG",2022,NA,"19","Sun",2021-12-26,"15:00","Manchester City",6,3.6,"Leicester City",3,2.7,53226,"Etihad Stadium","Chris Kavanagh",NA,"https://fbref.com/en/matches/49e84e17/Manchester-City-Leicester-City-December-26-2021-Premier-League"
"Premier League","M","ENG",2022,NA,"19","Sun",2021-12-26,"15:00","Norwich City",0,0.1,"Arsenal",5,2.5,26940,"Carrow Road","Graham Scott",NA,"https://fbref.com/en/matches/83ce723b/Norwich-City-Arsenal-December-26-2021-Premier-League"
"Premier League","M","ENG",2022,NA,"19","Sun",2021-12-26,"15:00","Tottenham",3,2.3,"Crystal Palace",0,0.2,40539,"Tottenham Hotspur Stadium","Jonathan Moss",NA,"https://fbref.com/en/matches/ac4560d6/Tottenham-Hotspur-Crystal-Palace-December-26-2021-Premier-League"
"Premier League","M","ENG",2022,NA,"19","Sun",2021-12-26,"17:30","Aston Villa",1,0.4,"Chelsea",3,2.6,41907,"Villa Park","Martin Atkinson",NA,"https://fbref.com/en/matches/61396bd8/Aston-Villa-Chelsea-December-26-2021-Premier-League"
"Premier League","M","ENG",2022,NA,"19","Sun",2021-12-26,"20:00","Brighton",2,0.8,"Brentford",0,0.7,30141,"The American Express Community Stadium","Darren England",NA,"https://fbref.com/en/matches/1f64133b/Brighton-and-Hove-Albion-Brentford-December-26-2021-Premier-League"
"Premier League","M","ENG",2022,NA,"19","Mon",2021-12-27,"20:00","Newcastle Utd",1,1.3,"Manchester Utd",1,1.6,52178,"St. James' Park","Craig Pawson",NA,"https://fbref.com/en/matches/f91fee43/Newcastle-United-Manchester-United-December-27-2021-Premier-League"
"Premier League","M","ENG",2022,NA,"20","Tue",2021-12-28,"15:00","Southampton",1,0.4,"Tottenham",1,2.3,31304,"St. Mary's Stadium","Anthony Taylor",NA,"https://fbref.com/en/matches/08d5ef01/Southampton-Tottenham-Hotspur-December-28-2021-Premier-League"
"Premier League","M","ENG",2022,NA,"20","Tue",2021-12-28,"15:00","Crystal Palace",3,1.9,"Norwich City",0,0.9,24433,"Selhurst Park","Paul Tierney",NA,"https://fbref.com/en/matches/59ef01ea/Crystal-Palace-Norwich-City-December-28-2021-Premier-League"
"Premier League","M","ENG",2022,NA,"20","Tue",2021-12-28,"15:00","Watford",1,1.6,"West Ham",4,3.6,20073,"Vicarage Road Stadium","Darren England",NA,"https://fbref.com/en/matches/b56fd899/Watford-West-Ham-United-December-28-2021-Premier-League"
"Premier League","M","ENG",2022,NA,"20","Tue",2021-12-28,"20:00","Leicester City",1,0.4,"Liverpool",0,2.3,32230,"King Power Stadium","Michael Oliver",NA,"https://fbref.com/en/matches/8ad7b26f/Leicester-City-Liverpool-December-28-2021-Premier-League"
"Premier League","M","ENG",2022,NA,"20","Wed",2021-12-29,"19:30","Chelsea",1,0.7,"Brighton",1,0.9,40080,"Stamford Bridge","Mike Dean",NA,"https://fbref.com/en/matches/8fbe2e12/Chelsea-Brighton-and-Hove-Albion-December-29-2021-Premier-League"
"Premier League","M","ENG",2022,NA,"20","Wed",2021-12-29,"20:15","Brentford",0,0.4,"Manchester City",1,1.1,17009,"Brentford Community Stadium","David Coote",NA,"https://fbref.com/en/matches/1a0df937/Brentford-Manchester-City-December-29-2021-Premier-League"
"Premier League","M","ENG",2022,NA,"20","Thu",2021-12-30,"20:15","Manchester Utd",3,2.4,"Burnley",1,1.1,73121,"Old Trafford","Jonathan Moss",NA,"https://fbref.com/en/matches/bbfa96c9/Manchester-United-Burnley-December-30-2021-Premier-League"
"Premier League","M","ENG",2022,NA,"21","Sat",2022-01-01,"12:30","Arsenal",1,0.8,"Manchester City",2,2,59757,"Emirates Stadium","Stuart Attwell",NA,"https://fbref.com/en/matches/a9903a63/Arsenal-Manchester-City-January-1-2022-Premier-League"
"Premier League","M","ENG",2022,NA,"21","Sat",2022-01-01,"15:00","Watford",0,0.3,"Tottenham",1,2.2,20391,"Vicarage Road Stadium","Robert Jones",NA,"https://fbref.com/en/matches/9c831c07/Watford-Tottenham-Hotspur-January-1-2022-Premier-League"
"Premier League","M","ENG",2022,NA,"21","Sat",2022-01-01,"17:30","Crystal Palace",2,2.4,"West Ham",3,2.2,24351,"Selhurst Park","Darren England",NA,"https://fbref.com/en/matches/b0b5cba6/Crystal-Palace-West-Ham-United-January-1-2022-Premier-League"
"Premier League","M","ENG",2022,NA,"21","Sun",2022-01-02,"14:00","Leeds United",3,1.9,"Burnley",1,1,36083,"Elland Road","Paul Tierney",NA,"https://fbref.com/en/matches/cff8022b/Leeds-United-Burnley-January-2-2022-Premier-League"
"Premier League","M","ENG",2022,NA,"21","Sun",2022-01-02,"14:00","Brentford",2,0.6,"Aston Villa",1,0.8,16876,"Brentford Community Stadium","Craig Pawson",NA,"https://fbref.com/en/matches/dfaa1817/Brentford-Aston-Villa-January-2-2022-Premier-League"
"Premier League","M","ENG",2022,NA,"21","Sun",2022-01-02,"14:00","Everton",2,1.6,"Brighton",3,1.7,38203,"Goodison Park","John Brooks",NA,"https://fbref.com/en/matches/e22bb565/Everton-Brighton-and-Hove-Albion-January-2-2022-Premier-League"
"Premier League","M","ENG",2022,NA,"21","Sun",2022-01-02,"16:30","Chelsea",2,1.2,"Liverpool",2,1.3,40072,"Stamford Bridge","Anthony Taylor",NA,"https://fbref.com/en/matches/3480cc09/Chelsea-Liverpool-January-2-2022-Premier-League"
"Premier League","M","ENG",2022,NA,"21","Mon",2022-01-03,"17:30","Manchester Utd",0,0.8,"Wolves",1,0.7,73045,"Old Trafford","Mike Dean",NA,"https://fbref.com/en/matches/8e966b52/Manchester-United-Wolverhampton-Wanderers-January-3-2022-Premier-League"
"Premier League","M","ENG",2022,NA,"18","Tue",2022-01-11,"19:45","Southampton",4,1.4,"Brentford",1,0.5,27383,"St. Mary's Stadium","Stuart Attwell",NA,"https://fbref.com/en/matches/0859817d/Southampton-Brentford-January-11-2022-Premier-League"
"Premier League","M","ENG",2022,NA,"18","Wed",2022-01-12,"19:45","West Ham",2,2.5,"Norwich City",0,0.3,59775,"London Stadium","Simon Hooper",NA,"https://fbref.com/en/matches/7d53d1ea/West-Ham-United-Norwich-City-January-12-2022-Premier-League"
"Premier League","M","ENG",2022,NA,"22","Fri",2022-01-14,"20:00","Brighton",1,2,"Crystal Palace",1,0.2,30675,"The American Express Community Stadium","Robert Jones",NA,"https://fbref.com/en/matches/96630936/Brighton-and-Hove-Albion-Crystal-Palace-January-14-2022-Premier-League"
"Premier League","M","ENG",2022,NA,"22","Sat",2022-01-15,"12:30","Manchester City",1,1,"Chelsea",0,0.3,53319,"Etihad Stadium","Craig Pawson",NA,"https://fbref.com/en/matches/febd7f38/Manchester-City-Chelsea-January-15-2022-Premier-League"
"Premier League","M","ENG",2022,NA,"22","Sat",2022-01-15,"15:00","Norwich City",2,1,"Everton",1,0.6,26629,"Carrow Road","Andy Madley",NA,"https://fbref.com/en/matches/4574a1a6/Norwich-City-Everton-January-15-2022-Premier-League"
"Premier League","M","ENG",2022,NA,"22","Sat",2022-01-15,"15:00","Newcastle Utd",1,1.2,"Watford",1,1.4,52223,"St. James' Park","Paul Tierney",NA,"https://fbref.com/en/matches/64dd3e3f/Newcastle-United-Watford-January-15-2022-Premier-League"
"Premier League","M","ENG",2022,NA,"22","Sat",2022-01-15,"15:00","Wolves",3,2.5,"Southampton",1,0.8,30057,"Molineux Stadium","Michael Salisbury",NA,"https://fbref.com/en/matches/dd7b8b8b/Wolverhampton-Wanderers-Southampton-January-15-2022-Premier-League"
"Premier League","M","ENG",2022,NA,"22","Sat",2022-01-15,"17:30","Aston Villa",2,1.9,"Manchester Utd",2,1,41968,"Villa Park","David Coote",NA,"https://fbref.com/en/matches/745dc664/Aston-Villa-Manchester-United-January-15-2022-Premier-League"
"Premier League","M","ENG",2022,NA,"22","Sun",2022-01-16,"14:00","West Ham",2,2.4,"Leeds United",3,2.2,59951,"London Stadium","Mike Dean",NA,"https://fbref.com/en/matches/62c16969/West-Ham-United-Leeds-United-January-16-2022-Premier-League"
"Premier League","M","ENG",2022,NA,"22","Sun",2022-01-16,"14:00","Liverpool",3,2.7,"Brentford",0,0.7,52824,"Anfield","Jonathan Moss",NA,"https://fbref.com/en/matches/c8c457d6/Liverpool-Brentford-January-16-2022-Premier-League"
"Premier League","M","ENG",2022,NA,"24","Tue",2022-01-18,"20:00","Brighton",1,0.7,"Chelsea",1,0.7,30880,"The American Express Community Stadium","Kevin Friend",NA,"https://fbref.com/en/matches/b4c9c369/Brighton-and-Hove-Albion-Chelsea-January-18-2022-Premier-League"
"Premier League","M","ENG",2022,NA,"17","Wed",2022-01-19,"19:30","Leicester City",2,1.2,"Tottenham",3,3.1,31986,"King Power Stadium","Jonathan Moss",NA,"https://fbref.com/en/matches/77d28549/Leicester-City-Tottenham-Hotspur-January-19-2022-Premier-League"
"Premier League","M","ENG",2022,NA,"17","Wed",2022-01-19,"20:00","Brentford",1,2.3,"Manchester Utd",3,2.3,17094,"Brentford Community Stadium","Andre Marriner",NA,"https://fbref.com/en/matches/f7c0bd68/Brentford-Manchester-United-January-19-2022-Premier-League"
"Premier League","M","ENG",2022,NA,"23","Fri",2022-01-21,"20:00","Watford",0,1.2,"Norwich City",3,1.1,20782,"Vicarage Road Stadium","Mike Dean",NA,"https://fbref.com/en/matches/5c592680/Watford-Norwich-City-January-21-2022-Premier-League"
"Premier League","M","ENG",2022,NA,"23","Sat",2022-01-22,"12:30","Everton",0,1.6,"Aston Villa",1,0.8,38203,"Goodison Park","Craig Pawson",NA,"https://fbref.com/en/matches/83bac3da/Everton-Aston-Villa-January-22-2022-Premier-League"
"Premier League","M","ENG",2022,NA,"23","Sat",2022-01-22,"15:00","Leeds United",0,0.7,"Newcastle Utd",1,0.9,36405,"Elland Road","Chris Kavanagh",NA,"https://fbref.com/en/matches/07df6328/Leeds-United-Newcastle-United-January-22-2022-Premier-League"
"Premier League","M","ENG",2022,NA,"23","Sat",2022-01-22,"15:00","Manchester Utd",1,1.9,"West Ham",0,0.3,73130,"Old Trafford","Jonathan Moss",NA,"https://fbref.com/en/matches/7c23f694/Manchester-United-West-Ham-United-January-22-2022-Premier-League"
"Premier League","M","ENG",2022,NA,"23","Sat",2022-01-22,"15:00","Brentford",1,1.1,"Wolves",2,0.2,16982,"Brentford Community Stadium","Peter Bankes",NA,"https://fbref.com/en/matches/9f91ec9b/Brentford-Wolverhampton-Wanderers-January-22-2022-Premier-League"
"Premier League","M","ENG",2022,NA,"23","Sat",2022-01-22,"17:30","Southampton",1,0.8,"Manchester City",1,1.8,31178,"St. Mary's Stadium","Simon Hooper",NA,"https://fbref.com/en/matches/9bfa5945/Southampton-Manchester-City-January-22-2022-Premier-League"
"Premier League","M","ENG",2022,NA,"23","Sun",2022-01-23,"14:00","Crystal Palace",1,2.2,"Liverpool",3,1.9,25002,"Selhurst Park","Kevin Friend",NA,"https://fbref.com/en/matches/60ad7e25/Crystal-Palace-Liverpool-January-23-2022-Premier-League"
"Premier League","M","ENG",2022,NA,"23","Sun",2022-01-23,"14:00","Arsenal",0,1.2,"Burnley",0,0.4,59255,"Emirates Stadium","David Coote",NA,"https://fbref.com/en/matches/845ec84d/Arsenal-Burnley-January-23-2022-Premier-League"
"Premier League","M","ENG",2022,NA,"23","Sun",2022-01-23,"14:00","Leicester City",1,1.4,"Brighton",1,1.1,31231,"King Power Stadium","Martin Atkinson",NA,"https://fbref.com/en/matches/a28f6f69/Leicester-City-Brighton-and-Hove-Albion-January-23-2022-Premier-League"
"Premier League","M","ENG",2022,NA,"23","Sun",2022-01-23,"16:30","Chelsea",2,1.2,"Tottenham",0,0.5,40020,"Stamford Bridge","Paul Tierney",NA,"https://fbref.com/en/matches/29e164e3/Chelsea-Tottenham-Hotspur-January-23-2022-Premier-League"
"Premier League","M","ENG",2022,NA,"17","Sat",2022-02-05,"18:00","Burnley",0,0.6,"Watford",0,0.8,19527,"Turf Moor","Craig Pawson",NA,"https://fbref.com/en/matches/5c31d723/Burnley-Watford-February-5-2022-Premier-League"
"Premier League","M","ENG",2022,NA,"24","Tue",2022-02-08,"19:45","West Ham",1,0.8,"Watford",0,0.3,59581,"London Stadium","Martin Atkinson",NA,"https://fbref.com/en/matches/3778ac3f/West-Ham-United-Watford-February-8-2022-Premier-League"
"Premier League","M","ENG",2022,NA,"24","Tue",2022-02-08,"19:45","Newcastle Utd",3,1.9,"Everton",1,0.7,52186,"St. James' Park","Anthony Taylor",NA,"https://fbref.com/en/matches/fde8d97d/Newcastle-United-Everton-February-8-2022-Premier-League"
"Premier League","M","ENG",2022,NA,"24","Tue",2022-02-08,"20:00","Burnley",1,0.4,"Manchester Utd",1,1.8,21233,"Turf Moor","Mike Dean",NA,"https://fbref.com/en/matches/cb262ab8/Burnley-Manchester-United-February-8-2022-Premier-League"
"Premier League","M","ENG",2022,NA,"24","Wed",2022-02-09,"19:45","Tottenham",2,1.4,"Southampton",3,2.2,54012,"Tottenham Hotspur Stadium","David Coote",NA,"https://fbref.com/en/matches/0613df22/Tottenham-Hotspur-Southampton-February-9-2022-Premier-League"
"Premier League","M","ENG",2022,NA,"24","Wed",2022-02-09,"19:45","Norwich City",1,0.4,"Crystal Palace",1,1.3,26652,"Carrow Road","Paul Tierney",NA,"https://fbref.com/en/matches/22d9fbc9/Norwich-City-Crystal-Palace-February-9-2022-Premier-League"
"Premier League","M","ENG",2022,NA,"24","Wed",2022-02-09,"19:45","Manchester City",2,1.9,"Brentford",0,0.4,51658,"Etihad Stadium","Darren England",NA,"https://fbref.com/en/matches/3b077554/Manchester-City-Brentford-February-9-2022-Premier-League"
"Premier League","M","ENG",2022,NA,"24","Wed",2022-02-09,"20:00","Aston Villa",3,1.6,"Leeds United",3,1.8,41927,"Villa Park","Jarred Gillett",NA,"https://fbref.com/en/matches/f1e84229/Aston-Villa-Leeds-United-February-9-2022-Premier-League"
"Premier League","M","ENG",2022,NA,"24","Thu",2022-02-10,"19:45","Liverpool",2,1.8,"Leicester City",0,0.5,53050,"Anfield","Chris Kavanagh",NA,"https://fbref.com/en/matches/911fa284/Liverpool-Leicester-City-February-10-2022-Premier-League"
"Premier League","M","ENG",2022,NA,"24","Thu",2022-02-10,"19:45","Wolves",0,0.8,"Arsenal",1,1.8,31523,"Molineux Stadium","Michael Oliver",NA,"https://fbref.com/en/matches/bf5f0f9e/Wolverhampton-Wanderers-Arsenal-February-10-2022-Premier-League"
"Premier League","M","ENG",2022,NA,"25","Sat",2022-02-12,"12:30","Manchester Utd",1,2.1,"Southampton",1,0.8,73084,"Old Trafford","Stuart Attwell",NA,"https://fbref.com/en/matches/d15dca2c/Manchester-United-Southampton-February-12-2022-Premier-League"
"Premier League","M","ENG",2022,NA,"25","Sat",2022-02-12,"15:00","Everton",3,2.7,"Leeds United",0,0.3,39150,"Goodison Park","Graham Scott",NA,"https://fbref.com/en/matches/0a51943e/Everton-Leeds-United-February-12-2022-Premier-League"
"Premier League","M","ENG",2022,NA,"25","Sat",2022-02-12,"15:00","Brentford",0,1.6,"Crystal Palace",0,0.3,16958,"Brentford Community Stadium","Simon Hooper",NA,"https://fbref.com/en/matches/427597d4/Brentford-Crystal-Palace-February-12-2022-Premier-League"
"Premier League","M","ENG",2022,NA,"25","Sat",2022-02-12,"15:00","Watford",0,0.5,"Brighton",2,1.6,20795,"Vicarage Road Stadium","Jonathan Moss",NA,"https://fbref.com/en/matches/e04d98c4/Watford-Brighton-and-Hove-Albion-February-12-2022-Premier-League"
"Premier League","M","ENG",2022,NA,"25","Sat",2022-02-12,"17:30","Norwich City",0,0.4,"Manchester City",4,4.6,27010,"Carrow Road","Andre Marriner",NA,"https://fbref.com/en/matches/522300d0/Norwich-City-Manchester-City-February-12-2022-Premier-League"
"Premier League","M","ENG",2022,NA,"25","Sun",2022-02-13,"14:00","Newcastle Utd",1,0.5,"Aston Villa",0,0.6,52207,"St. James' Park","Craig Pawson",NA,"https://fbref.com/en/matches/59b88877/Newcastle-United-Aston-Villa-February-13-2022-Premier-League"
"Premier League","M","ENG",2022,NA,"25","Sun",2022-02-13,"14:00","Burnley",0,1.5,"Liverpool",1,1.7,19563,"Turf Moor","Martin Atkinson",NA,"https://fbref.com/en/matches/ee0b72dd/Burnley-Liverpool-February-13-2022-Premier-League"
"Premier League","M","ENG",2022,NA,"25","Sun",2022-02-13,"14:00","Tottenham",0,1.2,"Wolves",2,1.3,56452,"Tottenham Hotspur Stadium","Kevin Friend",NA,"https://fbref.com/en/matches/fe93b491/Tottenham-Hotspur-Wolverhampton-Wanderers-February-13-2022-Premier-League"
"Premier League","M","ENG",2022,NA,"25","Sun",2022-02-13,"16:30","Leicester City",2,1.4,"West Ham",2,1.1,32061,"King Power Stadium","Michael Oliver",NA,"https://fbref.com/en/matches/c2c20295/Leicester-City-West-Ham-United-February-13-2022-Premier-League"
"Premier League","M","ENG",2022,NA,"18","Tue",2022-02-15,"20:15","Manchester Utd",2,1.7,"Brighton",0,0.7,73012,"Old Trafford","Peter Bankes",NA,"https://fbref.com/en/matches/a1fb5fa2/Manchester-United-Brighton-and-Hove-Albion-February-15-2022-Premier-League"
"Premier League","M","ENG",2022,NA,"26","Sat",2022-02-19,"12:30","West Ham",1,0.6,"Newcastle Utd",1,0.8,59949,"London Stadium","Chris Kavanagh",NA,"https://fbref.com/en/matches/4e263347/West-Ham-United-Newcastle-United-February-19-2022-Premier-League"
"Premier League","M","ENG",2022,NA,"26","Sat",2022-02-19,"15:00","Aston Villa",0,1.3,"Watford",1,1.2,41936,"Villa Park","Robert Jones",NA,"https://fbref.com/en/matches/28c4ee0a/Aston-Villa-Watford-February-19-2022-Premier-League"
"Premier League","M","ENG",2022,NA,"26","Sat",2022-02-19,"15:00","Arsenal",2,1.7,"Brentford",1,0.6,59249,"Emirates Stadium","Jonathan Moss",NA,"https://fbref.com/en/matches/401c8cc8/Arsenal-Brentford-February-19-2022-Premier-League"
"Premier League","M","ENG",2022,NA,"26","Sat",2022-02-19,"15:00","Southampton",2,2.5,"Everton",0,0.3,31312,"St. Mary's Stadium","Andy Madley",NA,"https://fbref.com/en/matches/53cc3dbd/Southampton-Everton-February-19-2022-Premier-League"
"Premier League","M","ENG",2022,NA,"26","Sat",2022-02-19,"15:00","Liverpool",3,3.6,"Norwich City",1,0.6,53135,"Anfield","Mike Dean",NA,"https://fbref.com/en/matches/700c9eaf/Liverpool-Norwich-City-February-19-2022-Premier-League"
"Premier League","M","ENG",2022,NA,"26","Sat",2022-02-19,"15:00","Brighton",0,0.6,"Burnley",3,0.7,30361,"The American Express Community Stadium","Kevin Friend",NA,"https://fbref.com/en/matches/b1df8cfd/Brighton-and-Hove-Albion-Burnley-February-19-2022-Premier-League"
"Premier League","M","ENG",2022,NA,"26","Sat",2022-02-19,"15:00","Crystal Palace",0,0.5,"Chelsea",1,0.9,25109,"Selhurst Park","David Coote",NA,"https://fbref.com/en/matches/ddd2eed6/Crystal-Palace-Chelsea-February-19-2022-Premier-League"
"Premier League","M","ENG",2022,NA,"26","Sat",2022-02-19,"17:30","Manchester City",2,2.1,"Tottenham",3,1.4,53201,"Etihad Stadium","Anthony Taylor",NA,"https://fbref.com/en/matches/cd797899/Manchester-City-Tottenham-Hotspur-February-19-2022-Premier-League"
"Premier League","M","ENG",2022,NA,"26","Sun",2022-02-20,"14:00","Leeds United",2,1.8,"Manchester Utd",4,2.2,36715,"Elland Road","Paul Tierney",NA,"https://fbref.com/en/matches/002f0ff0/Leeds-United-Manchester-United-February-20-2022-Premier-League"
"Premier League","M","ENG",2022,NA,"26","Sun",2022-02-20,"16:30","Wolves",2,0.5,"Leicester City",1,1.7,31587,"Molineux Stadium","Craig Pawson",NA,"https://fbref.com/en/matches/63d95af6/Wolverhampton-Wanderers-Leicester-City-February-20-2022-Premier-League"
"Premier League","M","ENG",2022,NA,"13","Wed",2022-02-23,"19:30","Burnley",1,0.9,"Tottenham",0,0.7,19488,"Turf Moor","Graham Scott",NA,"https://fbref.com/en/matches/f8d646cb/Burnley-Tottenham-Hotspur-February-23-2022-Premier-League"
"Premier League","M","ENG",2022,NA,"18","Wed",2022-02-23,"19:30","Watford",1,1.4,"Crystal Palace",4,1.1,20012,"Vicarage Road Stadium","Andre Marriner",NA,"https://fbref.com/en/matches/daa35440/Watford-Crystal-Palace-February-23-2022-Premier-League"
"Premier League","M","ENG",2022,NA,"19","Wed",2022-02-23,"19:45","Liverpool",6,5.9,"Leeds United",0,0.2,53018,"Anfield","Michael Oliver",NA,"https://fbref.com/en/matches/6d0f3b48/Liverpool-Leeds-United-February-23-2022-Premier-League"
"Premier League","M","ENG",2022,NA,"20","Thu",2022-02-24,"19:45","Arsenal",2,3.1,"Wolves",1,1,59888,"Emirates Stadium","Martin Atkinson",NA,"https://fbref.com/en/matches/3c516ed6/Arsenal-Wolverhampton-Wanderers-February-24-2022-Premier-League"
"Premier League","M","ENG",2022,NA,"27","Fri",2022-02-25,"20:00","Southampton",2,2.6,"Norwich City",0,0.6,31182,"St. Mary's Stadium","Simon Hooper",NA,"https://fbref.com/en/matches/17c79d36/Southampton-Norwich-City-February-25-2022-Premier-League"
"Premier League","M","ENG",2022,NA,"27","Sat",2022-02-26,"12:30","Leeds United",0,1.5,"Tottenham",4,1.9,36599,"Elland Road","Craig Pawson",NA,"https://fbref.com/en/matches/05d37de9/Leeds-United-Tottenham-Hotspur-February-26-2022-Premier-League"
"Premier League","M","ENG",2022,NA,"27","Sat",2022-02-26,"15:00","Crystal Palace",1,1,"Burnley",1,0.2,24203,"Selhurst Park","Jonathan Moss",NA,"https://fbref.com/en/matches/086dcb8d/Crystal-Palace-Burnley-February-26-2022-Premier-League"
"Premier League","M","ENG",2022,NA,"27","Sat",2022-02-26,"15:00","Manchester Utd",0,2.8,"Watford",0,0.6,73152,"Old Trafford","Kevin Friend",NA,"https://fbref.com/en/matches/43737c9c/Manchester-United-Watford-February-26-2022-Premier-League"
"Premier League","M","ENG",2022,NA,"27","Sat",2022-02-26,"15:00","Brighton",0,0.7,"Aston Villa",2,1,31475,"The American Express Community Stadium","John Brooks",NA,"https://fbref.com/en/matches/8cabd787/Brighton-and-Hove-Albion-Aston-Villa-February-26-2022-Premier-League"
"Premier League","M","ENG",2022,NA,"27","Sat",2022-02-26,"15:00","Brentford",0,0.4,"Newcastle Utd",2,2.7,17039,"Brentford Community Stadium","Mike Dean",NA,"https://fbref.com/en/matches/fd61d442/Brentford-Newcastle-United-February-26-2022-Premier-League"
"Premier League","M","ENG",2022,NA,"27","Sat",2022-02-26,"17:30","Everton",0,0.5,"Manchester City",1,1.8,39105,"Goodison Park","Paul Tierney",NA,"https://fbref.com/en/matches/ab729bd6/Everton-Manchester-City-February-26-2022-Premier-League"
"Premier League","M","ENG",2022,NA,"27","Sun",2022-02-27,"14:00","West Ham",1,1.8,"Wolves",0,0.7,59946,"London Stadium","Anthony Taylor",NA,"https://fbref.com/en/matches/b1dcaf8d/West-Ham-United-Wolverhampton-Wanderers-February-27-2022-Premier-League"
"Premier League","M","ENG",2022,NA,"22","Tue",2022-03-01,"19:45","Burnley",0,0.9,"Leicester City",2,1.5,17825,"Turf Moor","Chris Kavanagh",NA,"https://fbref.com/en/matches/a47f5f21/Burnley-Leicester-City-March-1-2022-Premier-League"
"Premier League","M","ENG",2022,NA,"28","Sat",2022-03-05,"12:30","Leicester City",1,0.4,"Leeds United",0,1.7,32236,"King Power Stadium","David Coote",NA,"https://fbref.com/en/matches/1d777dcd/Leicester-City-Leeds-United-March-5-2022-Premier-League"
"Premier League","M","ENG",2022,NA,"28","Sat",2022-03-05,"15:00","Newcastle Utd",2,1.7,"Brighton",1,1.5,52214,"St. James' Park","Martin Atkinson",NA,"https://fbref.com/en/matches/02337bda/Newcastle-United-Brighton-and-Hove-Albion-March-5-2022-Premier-League"
"Premier League","M","ENG",2022,NA,"28","Sat",2022-03-05,"15:00","Aston Villa",4,2.5,"Southampton",0,1.1,41855,"Villa Park","Peter Bankes",NA,"https://fbref.com/en/matches/1aa40463/Aston-Villa-Southampton-March-5-2022-Premier-League"
"Premier League","M","ENG",2022,NA,"28","Sat",2022-03-05,"15:00","Burnley",0,0.7,"Chelsea",4,2.3,19439,"Turf Moor","Andre Marriner",NA,"https://fbref.com/en/matches/926192f8/Burnley-Chelsea-March-5-2022-Premier-League"
"Premier League","M","ENG",2022,NA,"28","Sat",2022-03-05,"15:00","Wolves",0,0.7,"Crystal Palace",2,2.7,31395,"Molineux Stadium","Andy Madley",NA,"https://fbref.com/en/matches/9ccef73f/Wolverhampton-Wanderers-Crystal-Palace-March-5-2022-Premier-League"
"Premier League","M","ENG",2022,NA,"28","Sat",2022-03-05,"15:00","Norwich City",1,1,"Brentford",3,2,26887,"Carrow Road","Anthony Taylor",NA,"https://fbref.com/en/matches/fcb61cff/Norwich-City-Brentford-March-5-2022-Premier-League"
"Premier League","M","ENG",2022,NA,"28","Sat",2022-03-05,"17:30","Liverpool",1,2.4,"West Ham",0,1.3,59925,"Anfield","Jonathan Moss",NA,"https://fbref.com/en/matches/bc1944c3/Liverpool-West-Ham-United-March-5-2022-Premier-League"
"Premier League","M","ENG",2022,NA,"28","Sun",2022-03-06,"14:00","Watford",2,1,"Arsenal",3,1,21142,"Vicarage Road Stadium","Craig Pawson",NA,"https://fbref.com/en/matches/9d5abf8b/Watford-Arsenal-March-6-2022-Premier-League"
"Premier League","M","ENG",2022,NA,"28","Sun",2022-03-06,"16:30","Manchester City",4,2.7,"Manchester Utd",1,0.5,53165,"Etihad Stadium","Michael Oliver",NA,"https://fbref.com/en/matches/2dc5b8b0/Manchester-Derby-Manchester-City-Manchester-United-March-6-2022-Premier-League"
"Premier League","M","ENG",2022,NA,"28","Mon",2022-03-07,"20:00","Tottenham",5,2.5,"Everton",0,0.2,59647,"Tottenham Hotspur Stadium","Stuart Attwell",NA,"https://fbref.com/en/matches/6e11eac6/Tottenham-Hotspur-Everton-March-7-2022-Premier-League"
"Premier League","M","ENG",2022,NA,"19","Thu",2022-03-10,"19:30","Wolves",4,0.7,"Watford",0,0.6,29658,"Molineux Stadium","Darren England",NA,"https://fbref.com/en/matches/d0ee0e9a/Wolverhampton-Wanderers-Watford-March-10-2022-Premier-League"
"Premier League","M","ENG",2022,NA,"21","Thu",2022-03-10,"19:30","Southampton",1,1.1,"Newcastle Utd",2,0.6,30056,"St. Mary's Stadium","Kevin Friend",NA,"https://fbref.com/en/matches/2d6fb488/Southampton-Newcastle-United-March-10-2022-Premier-League"
"Premier League","M","ENG",2022,NA,"30","Thu",2022-03-10,"19:30","Norwich City",1,1,"Chelsea",3,1.8,26684,"Carrow Road","Martin Atkinson",NA,"https://fbref.com/en/matches/4371c286/Norwich-City-Chelsea-March-10-2022-Premier-League"
"Premier League","M","ENG",2022,NA,"20","Thu",2022-03-10,"19:45","Leeds United",0,0.2,"Aston Villa",3,1.5,36400,"Elland Road","Simon Hooper",NA,"https://fbref.com/en/matches/79b8fb6e/Leeds-United-Aston-Villa-March-10-2022-Premier-League"
"Premier League","M","ENG",2022,NA,"29","Sat",2022-03-12,"12:30","Brighton",0,0.5,"Liverpool",2,2.2,31474,"The American Express Community Stadium","Mike Dean",NA,"https://fbref.com/en/matches/4d3331bb/Brighton-and-Hove-Albion-Liverpool-March-12-2022-Premier-League"
"Premier League","M","ENG",2022,NA,"29","Sat",2022-03-12,"15:00","Brentford",2,1.9,"Burnley",0,0.7,17088,"Brentford Community Stadium","Paul Tierney",NA,"https://fbref.com/en/matches/9718a901/Brentford-Burnley-March-12-2022-Premier-League"
"Premier League","M","ENG",2022,NA,"29","Sat",2022-03-12,"17:30","Manchester Utd",3,1,"Tottenham",2,1.5,73458,"Old Trafford","Jonathan Moss",NA,"https://fbref.com/en/matches/e5e7becb/Manchester-United-Tottenham-Hotspur-March-12-2022-Premier-League"
"Premier League","M","ENG",2022,NA,"29","Sun",2022-03-13,"14:00","Chelsea",1,1.1,"Newcastle Utd",0,0.3,40026,"Stamford Bridge","David Coote",NA,"https://fbref.com/en/matches/0dcf103b/Chelsea-Newcastle-United-March-13-2022-Premier-League"
"Premier League","M","ENG",2022,NA,"29","Sun",2022-03-13,"14:00","Southampton",1,1.4,"Watford",2,1.7,28863,"St. Mary's Stadium","Graham Scott",NA,"https://fbref.com/en/matches/2c627dd8/Southampton-Watford-March-13-2022-Premier-League"
"Premier League","M","ENG",2022,NA,"29","Sun",2022-03-13,"14:00","West Ham",2,1.2,"Aston Villa",1,1.1,59957,"London Stadium","Jarred Gillett",NA,"https://fbref.com/en/matches/81f2f022/West-Ham-United-Aston-Villa-March-13-2022-Premier-League"
"Premier League","M","ENG",2022,NA,"29","Sun",2022-03-13,"14:00","Everton",0,0.4,"Wolves",1,0.8,39112,"Goodison Park","Michael Oliver",NA,"https://fbref.com/en/matches/9e5d1f93/Everton-Wolverhampton-Wanderers-March-13-2022-Premier-League"
"Premier League","M","ENG",2022,NA,"29","Sun",2022-03-13,"14:00","Leeds United",2,2.5,"Norwich City",1,1.5,36321,"Elland Road","Stuart Attwell",NA,"https://fbref.com/en/matches/b13fb9b9/Leeds-United-Norwich-City-March-13-2022-Premier-League"
"Premier League","M","ENG",2022,NA,"29","Sun",2022-03-13,"16:30","Arsenal",2,2.4,"Leicester City",0,0.4,60111,"Emirates Stadium","Anthony Taylor",NA,"https://fbref.com/en/matches/47ea9ab2/Arsenal-Leicester-City-March-13-2022-Premier-League"
"Premier League","M","ENG",2022,NA,"29","Mon",2022-03-14,"20:00","Crystal Palace",0,0.6,"Manchester City",0,2.8,25309,"Selhurst Park","Martin Atkinson",NA,"https://fbref.com/en/matches/f5b6f5c5/Crystal-Palace-Manchester-City-March-14-2022-Premier-League"
"Premier League","M","ENG",2022,NA,"16","Wed",2022-03-16,"19:30","Brighton",0,0.7,"Tottenham",2,2.2,31144,"The American Express Community Stadium","Robert Jones",NA,"https://fbref.com/en/matches/59b3ee40/Brighton-and-Hove-Albion-Tottenham-Hotspur-March-16-2022-Premier-League"
"Premier League","M","ENG",2022,NA,"27","Wed",2022-03-16,"20:15","Arsenal",0,0.5,"Liverpool",2,0.8,59968,"Emirates Stadium","Andre Marriner",NA,"https://fbref.com/en/matches/8ef5cc6b/Arsenal-Liverpool-March-16-2022-Premier-League"
"Premier League","M","ENG",2022,NA,"20","Thu",2022-03-17,"19:45","Everton",1,0.7,"Newcastle Utd",0,0.9,39068,"Goodison Park","Craig Pawson",NA,"https://fbref.com/en/matches/029e5f94/Everton-Newcastle-United-March-17-2022-Premier-League"
"Premier League","M","ENG",2022,NA,"30","Fri",2022-03-18,"20:00","Wolves",2,1.2,"Leeds United",3,2,31842,"Molineux Stadium","Kevin Friend",NA,"https://fbref.com/en/matches/1c402923/Wolverhampton-Wanderers-Leeds-United-March-18-2022-Premier-League"
"Premier League","M","ENG",2022,NA,"30","Sat",2022-03-19,"12:30","Aston Villa",0,0.5,"Arsenal",1,1.3,41956,"Villa Park","Andy Madley",NA,"https://fbref.com/en/matches/0cb74761/Aston-Villa-Arsenal-March-19-2022-Premier-League"
"Premier League","M","ENG",2022,NA,"30","Sun",2022-03-20,"14:00","Leicester City",2,1,"Brentford",1,1.3,31830,"King Power Stadium","Darren England",NA,"https://fbref.com/en/matches/c8c7dd9b/Leicester-City-Brentford-March-20-2022-Premier-League"
"Premier League","M","ENG",2022,NA,"30","Sun",2022-03-20,"16:30","Tottenham",3,3,"West Ham",1,0.6,58685,"Tottenham Hotspur Stadium","Anthony Taylor",NA,"https://fbref.com/en/matches/5fb752fa/Tottenham-Hotspur-West-Ham-United-March-20-2022-Premier-League"
"Premier League","M","ENG",2022,NA,"31","Sat",2022-04-02,"12:30","Liverpool",2,2.2,"Watford",0,0.6,53104,"Anfield","Stuart Attwell",NA,"https://fbref.com/en/matches/8e05e22c/Liverpool-Watford-April-2-2022-Premier-League"
"Premier League","M","ENG",2022,NA,"31","Sat",2022-04-02,"15:00","Wolves",2,1.3,"Aston Villa",1,2.1,31012,"Molineux Stadium","Darren England",NA,"https://fbref.com/en/matches/320d3dfe/Wolverhampton-Wanderers-Aston-Villa-April-2-2022-Premier-League"
"Premier League","M","ENG",2022,NA,"31","Sat",2022-04-02,"15:00","Leeds United",1,1.2,"Southampton",1,1.4,36580,"Elland Road","Anthony Taylor",NA,"https://fbref.com/en/matches/abc88be4/Leeds-United-Southampton-April-2-2022-Premier-League"
"Premier League","M","ENG",2022,NA,"31","Sat",2022-04-02,"15:00","Chelsea",1,1.3,"Brentford",4,1.8,39061,"Stamford Bridge","Andy Madley",NA,"https://fbref.com/en/matches/c0037074/Chelsea-Brentford-April-2-2022-Premier-League"
"Premier League","M","ENG",2022,NA,"31","Sat",2022-04-02,"15:00","Burnley",0,0.1,"Manchester City",2,1.8,21249,"Turf Moor","Craig Pawson",NA,"https://fbref.com/en/matches/c294f564/Burnley-Manchester-City-April-2-2022-Premier-League"
"Premier League","M","ENG",2022,NA,"31","Sat",2022-04-02,"15:00","Brighton",0,2.8,"Norwich City",0,0.4,31245,"The American Express Community Stadium","Simon Hooper",NA,"https://fbref.com/en/matches/df69a1b2/Brighton-and-Hove-Albion-Norwich-City-April-2-2022-Premier-League"
"Premier League","M","ENG",2022,NA,"31","Sat",2022-04-02,"17:30","Manchester Utd",1,0.9,"Leicester City",1,0.8,73444,"Old Trafford","Andre Marriner",NA,"https://fbref.com/en/matches/00863ee3/Manchester-United-Leicester-City-April-2-2022-Premier-League"
"Premier League","M","ENG",2022,NA,"31","Sun",2022-04-03,"14:00","West Ham",2,1.2,"Everton",1,0.7,59953,"London Stadium","Michael Oliver",NA,"https://fbref.com/en/matches/b22e54c4/West-Ham-United-Everton-April-3-2022-Premier-League"
"Premier League","M","ENG",2022,NA,"31","Sun",2022-04-03,"16:30","Tottenham",5,3.1,"Newcastle Utd",1,0.5,57553,"Tottenham Hotspur Stadium","Martin Atkinson",NA,"https://fbref.com/en/matches/6f8a2207/Tottenham-Hotspur-Newcastle-United-April-3-2022-Premier-League"
"Premier League","M","ENG",2022,NA,"31","Mon",2022-04-04,"20:00","Crystal Palace",3,1.5,"Arsenal",0,0.8,25149,"Selhurst Park","Paul Tierney",NA,"https://fbref.com/en/matches/d96b144a/Crystal-Palace-Arsenal-April-4-2022-Premier-League"
"Premier League","M","ENG",2022,NA,"19","Wed",2022-04-06,"19:30","Burnley",3,2,"Everton",2,2.4,19830,"Turf Moor","Mike Dean",NA,"https://fbref.com/en/matches/8ee025e7/Burnley-Everton-April-6-2022-Premier-League"
"Premier League","M","ENG",2022,NA,"32","Fri",2022-04-08,"20:00","Newcastle Utd",1,1.5,"Wolves",0,0.4,52164,"St. James' Park","Peter Bankes",NA,"https://fbref.com/en/matches/739d8264/Newcastle-United-Wolverhampton-Wanderers-April-8-2022-Premier-League"
"Premier League","M","ENG",2022,NA,"32","Sat",2022-04-09,"12:30","Everton",1,0.4,"Manchester Utd",0,0.8,39080,"Goodison Park","Jonathan Moss",NA,"https://fbref.com/en/matches/f976e20a/Everton-Manchester-United-April-9-2022-Premier-League"
"Premier League","M","ENG",2022,NA,"32","Sat",2022-04-09,"15:00","Arsenal",1,1.9,"Brighton",2,0.6,60112,"Emirates Stadium","David Coote",NA,"https://fbref.com/en/matches/37ddcda6/Arsenal-Brighton-and-Hove-Albion-April-9-2022-Premier-League"
"Premier League","M","ENG",2022,NA,"32","Sat",2022-04-09,"15:00","Southampton",0,0.5,"Chelsea",6,4.2,31359,"St. Mary's Stadium","Kevin Friend",NA,"https://fbref.com/en/matches/70d15cf0/Southampton-Chelsea-April-9-2022-Premier-League"
"Premier League","M","ENG",2022,NA,"32","Sat",2022-04-09,"15:00","Watford",0,1.1,"Leeds United",3,0.7,20957,"Vicarage Road Stadium","Andre Marriner",NA,"https://fbref.com/en/matches/b18deecf/Watford-Leeds-United-April-9-2022-Premier-League"
"Premier League","M","ENG",2022,NA,"32","Sat",2022-04-09,"17:30","Aston Villa",0,1.6,"Tottenham",4,1.1,41949,"Villa Park","Graham Scott",NA,"https://fbref.com/en/matches/811d471f/Aston-Villa-Tottenham-Hotspur-April-9-2022-Premier-League"
"Premier League","M","ENG",2022,NA,"32","Sun",2022-04-10,"14:00","Brentford",2,1.4,"West Ham",0,0.3,17032,"Brentford Community Stadium","Martin Atkinson",NA,"https://fbref.com/en/matches/6bb36736/Brentford-West-Ham-United-April-10-2022-Premier-League"
"Premier League","M","ENG",2022,NA,"32","Sun",2022-04-10,"14:00","Leicester City",2,1,"Crystal Palace",1,1.4,31896,"King Power Stadium","Robert Jones",NA,"https://fbref.com/en/matches/816c435d/Leicester-City-Crystal-Palace-April-10-2022-Premier-League"
"Premier League","M","ENG",2022,NA,"32","Sun",2022-04-10,"14:00","Norwich City",2,1.7,"Burnley",0,1.7,26361,"Carrow Road","Michael Oliver",NA,"https://fbref.com/en/matches/8574aaf3/Norwich-City-Burnley-April-10-2022-Premier-League"
"Premier League","M","ENG",2022,NA,"32","Sun",2022-04-10,"16:30","Manchester City",2,1.3,"Liverpool",2,1.3,53197,"Etihad Stadium","Anthony Taylor",NA,"https://fbref.com/en/matches/37e2fe92/Manchester-City-Liverpool-April-10-2022-Premier-League"
"Premier League","M","ENG",2022,NA,"33","Sat",2022-04-16,"12:30","Tottenham",0,0.5,"Brighton",1,0.6,58685,"Tottenham Hotspur Stadium","Craig Pawson",NA,"https://fbref.com/en/matches/0b266073/Tottenham-Hotspur-Brighton-and-Hove-Albion-April-16-2022-Premier-League"
"Premier League","M","ENG",2022,NA,"33","Sat",2022-04-16,"15:00","Manchester Utd",3,1.9,"Norwich City",2,1.5,73381,"Old Trafford","Andy Madley",NA,"https://fbref.com/en/matches/1c3ec7cf/Manchester-United-Norwich-City-April-16-2022-Premier-League"
"Premier League","M","ENG",2022,NA,"33","Sat",2022-04-16,"15:00","Watford",1,1.7,"Brentford",2,1.9,21045,"Vicarage Road Stadium","Simon Hooper",NA,"https://fbref.com/en/matches/3b17352d/Watford-Brentford-April-16-2022-Premier-League"
"Premier League","M","ENG",2022,NA,"33","Sat",2022-04-16,"15:00","Southampton",1,0.8,"Arsenal",0,1.7,31465,"St. Mary's Stadium","Peter Bankes",NA,"https://fbref.com/en/matches/5ea2687c/Southampton-Arsenal-April-16-2022-Premier-League"
"Premier League","M","ENG",2022,NA,"33","Sun",2022-04-17,"14:15","Newcastle Utd",2,1.8,"Leicester City",1,0.6,52104,"St. James' Park","Jarred Gillett",NA,"https://fbref.com/en/matches/89803b3a/Newcastle-United-Leicester-City-April-17-2022-Premier-League"
"Premier League","M","ENG",2022,NA,"33","Sun",2022-04-17,"14:15","West Ham",1,2.2,"Burnley",1,1.8,59958,"London Stadium","Paul Tierney",NA,"https://fbref.com/en/matches/f3a245c8/West-Ham-United-Burnley-April-17-2022-Premier-League"
"Premier League","M","ENG",2022,NA,"30","Tue",2022-04-19,"20:00","Liverpool",4,2,"Manchester Utd",0,0.1,52686,"Anfield","Martin Atkinson",NA,"https://fbref.com/en/matches/09f1bef7/North-West-Derby-Liverpool-Manchester-United-April-19-2022-Premier-League"
"Premier League","M","ENG",2022,NA,"18","Wed",2022-04-20,"19:45","Everton",1,1.8,"Leicester City",1,0.9,39153,"Goodison Park","David Coote",NA,"https://fbref.com/en/matches/46471203/Everton-Leicester-City-April-20-2022-Premier-League"
"Premier League","M","ENG",2022,NA,"25","Wed",2022-04-20,"19:45","Chelsea",2,0.7,"Arsenal",4,2,32249,"Stamford Bridge","Jonathan Moss",NA,"https://fbref.com/en/matches/cf8c0df6/North-West-London-Derby-Chelsea-Arsenal-April-20-2022-Premier-League"
"Premier League","M","ENG",2022,NA,"30","Wed",2022-04-20,"19:45","Newcastle Utd",1,0.9,"Crystal Palace",0,0.5,51938,"St. James' Park","Tony Harrington",NA,"https://fbref.com/en/matches/7a668764/Newcastle-United-Crystal-Palace-April-20-2022-Premier-League"
"Premier League","M","ENG",2022,NA,"30","Wed",2022-04-20,"20:00","Manchester City",3,1.3,"Brighton",0,0.2,52226,"Etihad Stadium","Mike Dean",NA,"https://fbref.com/en/matches/34fd93f9/Manchester-City-Brighton-and-Hove-Albion-April-20-2022-Premier-League"
"Premier League","M","ENG",2022,NA,"30","Thu",2022-04-21,"19:45","Burnley",2,1.5,"Southampton",0,0.9,17384,"Turf Moor","Stuart Attwell",NA,"https://fbref.com/en/matches/73ef622b/Burnley-Southampton-April-21-2022-Premier-League"
"Premier League","M","ENG",2022,NA,"34","Sat",2022-04-23,"12:30","Arsenal",3,2.3,"Manchester Utd",1,1.8,60223,"Emirates Stadium","Craig Pawson",NA,"https://fbref.com/en/matches/b9f7c065/Arsenal-Manchester-United-April-23-2022-Premier-League"
"Premier League","M","ENG",2022,NA,"34","Sat",2022-04-23,"15:00","Leicester City",0,0.3,"Aston Villa",0,0.9,32185,"King Power Stadium","Andy Madley",NA,"https://fbref.com/en/matches/17e5cacf/Leicester-City-Aston-Villa-April-23-2022-Premier-League"
"Premier League","M","ENG",2022,NA,"34","Sat",2022-04-23,"15:00","Manchester City",5,3.6,"Watford",1,0.5,53013,"Etihad Stadium","Kevin Friend",NA,"https://fbref.com/en/matches/af522ca3/Manchester-City-Watford-April-23-2022-Premier-League"
"Premier League","M","ENG",2022,NA,"34","Sat",2022-04-23,"15:00","Norwich City",0,0.6,"Newcastle Utd",3,1.9,26910,"Carrow Road","Chris Kavanagh",NA,"https://fbref.com/en/matches/f6a877bb/Norwich-City-Newcastle-United-April-23-2022-Premier-League"
"Premier League","M","ENG",2022,NA,"34","Sat",2022-04-23,"17:30","Brentford",0,0.9,"Tottenham",0,0.6,17072,"Brentford Community Stadium","Martin Atkinson",NA,"https://fbref.com/en/matches/9c939b7f/Brentford-Tottenham-Hotspur-April-23-2022-Premier-League"
"Premier League","M","ENG",2022,NA,"34","Sun",2022-04-24,"14:00","Brighton",2,1.7,"Southampton",2,0.9,31335,"The American Express Community Stadium","Robert Jones",NA,"https://fbref.com/en/matches/32a11932/Brighton-and-Hove-Albion-Southampton-April-24-2022-Premier-League"
"Premier League","M","ENG",2022,NA,"34","Sun",2022-04-24,"14:00","Burnley",1,1.4,"Wolves",0,0.6,19246,"Turf Moor","Anthony Taylor",NA,"https://fbref.com/en/matches/99d0fee1/Burnley-Wolverhampton-Wanderers-April-24-2022-Premier-League"
"Premier League","M","ENG",2022,NA,"34","Sun",2022-04-24,"14:00","Chelsea",1,3,"West Ham",0,0.5,32231,"Stamford Bridge","Michael Oliver",NA,"https://fbref.com/en/matches/cfcd90ed/Chelsea-West-Ham-United-April-24-2022-Premier-League"
"Premier League","M","ENG",2022,NA,"34","Sun",2022-04-24,"16:30","Liverpool",2,1.7,"Everton",0,0.4,53213,"Anfield","Stuart Attwell",NA,"https://fbref.com/en/matches/69235d39/Merseyside-Derby-Liverpool-Everton-April-24-2022-Premier-League"
"Premier League","M","ENG",2022,NA,"34","Mon",2022-04-25,"20:00","Crystal Palace",0,1.9,"Leeds United",0,0.5,25357,"Selhurst Park","Darren England",NA,"https://fbref.com/en/matches/1a9f4c1e/Crystal-Palace-Leeds-United-April-25-2022-Premier-League"
"Premier League","M","ENG",2022,NA,"37","Thu",2022-04-28,"19:45","Manchester Utd",1,0.5,"Chelsea",1,1.9,73564,"Old Trafford","Mike Dean",NA,"https://fbref.com/en/matches/39f0deaa/Manchester-United-Chelsea-April-28-2022-Premier-League"
"Premier League","M","ENG",2022,NA,"35","Sat",2022-04-30,"12:30","Newcastle Utd",0,0.2,"Liverpool",1,2.3,52281,"St. James' Park","Andre Marriner",NA,"https://fbref.com/en/matches/d736eab8/Newcastle-United-Liverpool-April-30-2022-Premier-League"
"Premier League","M","ENG",2022,NA,"35","Sat",2022-04-30,"15:00","Watford",1,1,"Burnley",2,1.6,20738,"Vicarage Road Stadium","Craig Pawson",NA,"https://fbref.com/en/matches/81ac72d8/Watford-Burnley-April-30-2022-Premier-League"
"Premier League","M","ENG",2022,NA,"35","Sat",2022-04-30,"15:00","Wolves",0,0.7,"Brighton",3,2.6,31243,"Molineux Stadium","Simon Hooper",NA,"https://fbref.com/en/matches/b800c4ba/Wolverhampton-Wanderers-Brighton-and-Hove-Albion-April-30-2022-Premier-League"
"Premier League","M","ENG",2022,NA,"35","Sat",2022-04-30,"15:00","Aston Villa",2,1.8,"Norwich City",0,0.5,40290,"Villa Park","John Brooks",NA,"https://fbref.com/en/matches/bf7873f2/Aston-Villa-Norwich-City-April-30-2022-Premier-League"
"Premier League","M","ENG",2022,NA,"35","Sat",2022-04-30,"15:00","Southampton",1,0.6,"Crystal Palace",2,1.1,31359,"St. Mary's Stadium","Jarred Gillett",NA,"https://fbref.com/en/matches/d260be24/Southampton-Crystal-Palace-April-30-2022-Premier-League"
"Premier League","M","ENG",2022,NA,"35","Sat",2022-04-30,"17:30","Leeds United",0,1.3,"Manchester City",4,2.4,35771,"Elland Road","Paul Tierney",NA,"https://fbref.com/en/matches/5ce80a04/Leeds-United-Manchester-City-April-30-2022-Premier-League"
"Premier League","M","ENG",2022,NA,"35","Sun",2022-05-01,"14:00","Tottenham",3,1.2,"Leicester City",1,0.5,59482,"Tottenham Hotspur Stadium","Jonathan Moss",NA,"https://fbref.com/en/matches/26ff83e6/Tottenham-Hotspur-Leicester-City-May-1-2022-Premier-League"
"Premier League","M","ENG",2022,NA,"35","Sun",2022-05-01,"14:00","Everton",1,0.8,"Chelsea",0,0.8,39256,"Goodison Park","Kevin Friend",NA,"https://fbref.com/en/matches/4ed4a295/Everton-Chelsea-May-1-2022-Premier-League"
"Premier League","M","ENG",2022,NA,"35","Sun",2022-05-01,"16:30","West Ham",1,0.5,"Arsenal",2,0.9,59959,"London Stadium","Mike Dean",NA,"https://fbref.com/en/matches/5290c2da/West-Ham-United-Arsenal-May-1-2022-Premier-League"
"Premier League","M","ENG",2022,NA,"35","Mon",2022-05-02,"20:00","Manchester Utd",3,2,"Brentford",0,0.6,73482,"Old Trafford","Chris Kavanagh",NA,"https://fbref.com/en/matches/c9b4c96a/Manchester-United-Brentford-May-2-2022-Premier-League"
"Premier League","M","ENG",2022,NA,"36","Sat",2022-05-07,"15:00","Crystal Palace",1,2.2,"Watford",0,0.4,24622,"Selhurst Park","Graham Scott",NA,"https://fbref.com/en/matches/1206a1df/Crystal-Palace-Watford-May-7-2022-Premier-League"
"Premier League","M","ENG",2022,NA,"36","Sat",2022-05-07,"15:00","Brentford",3,2.6,"Southampton",0,1.4,17051,"Brentford Community Stadium","Michael Salisbury",NA,"https://fbref.com/en/matches/74a74729/Brentford-Southampton-May-7-2022-Premier-League"
"Premier League","M","ENG",2022,NA,"36","Sat",2022-05-07,"15:00","Chelsea",2,1.7,"Wolves",2,2,32190,"Stamford Bridge","Peter Bankes",NA,"https://fbref.com/en/matches/7c8a79d2/Chelsea-Wolverhampton-Wanderers-May-7-2022-Premier-League"
"Premier League","M","ENG",2022,NA,"36","Sat",2022-05-07,"15:00","Burnley",1,1.9,"Aston Villa",3,2.1,20891,"Turf Moor","David Coote",NA,"https://fbref.com/en/matches/c1dc9202/Burnley-Aston-Villa-May-7-2022-Premier-League"
"Premier League","M","ENG",2022,NA,"36","Sat",2022-05-07,"17:30","Brighton",4,2.3,"Manchester Utd",0,0.9,31637,"The American Express Community Stadium","Andy Madley",NA,"https://fbref.com/en/matches/efa43305/Brighton-and-Hove-Albion-Manchester-United-May-7-2022-Premier-League"
"Premier League","M","ENG",2022,NA,"36","Sat",2022-05-07,"19:45","Liverpool",1,1.3,"Tottenham",1,0.9,53177,"Anfield","Michael Oliver",NA,"https://fbref.com/en/matches/9a93e9b2/Liverpool-Tottenham-Hotspur-May-7-2022-Premier-League"
"Premier League","M","ENG",2022,NA,"36","Sun",2022-05-08,"14:00","Leicester City",1,1.5,"Everton",2,1.1,32001,"King Power Stadium","Craig Pawson",NA,"https://fbref.com/en/matches/4a972389/Leicester-City-Everton-May-8-2022-Premier-League"
"Premier League","M","ENG",2022,NA,"36","Sun",2022-05-08,"14:00","Norwich City",0,0.8,"West Ham",4,3,26428,"Carrow Road","Robert Jones",NA,"https://fbref.com/en/matches/a370b8d5/Norwich-City-West-Ham-United-May-8-2022-Premier-League"
"Premier League","M","ENG",2022,NA,"36","Sun",2022-05-08,"14:00","Arsenal",2,2,"Leeds United",1,0.3,60108,"Emirates Stadium","Chris Kavanagh",NA,"https://fbref.com/en/matches/ef41dec1/Arsenal-Leeds-United-May-8-2022-Premier-League"
"Premier League","M","ENG",2022,NA,"36","Sun",2022-05-08,"16:30","Manchester City",5,3.1,"Newcastle Utd",0,0.8,53336,"Etihad Stadium","Stuart Attwell",NA,"https://fbref.com/en/matches/d1bcaf2b/Manchester-City-Newcastle-United-May-8-2022-Premier-League"
"Premier League","M","ENG",2022,NA,"33","Tue",2022-05-10,"20:00","Aston Villa",1,1.4,"Liverpool",2,1.8,41919,"Villa Park","Jonathan Moss",NA,"https://fbref.com/en/matches/1016efad/Aston-Villa-Liverpool-May-10-2022-Premier-League"
"Premier League","M","ENG",2022,NA,"33","Wed",2022-05-11,"19:30","Leeds United",0,0.4,"Chelsea",3,1.3,36549,"Elland Road","Anthony Taylor",NA,"https://fbref.com/en/matches/6f225dc6/Leeds-United-Chelsea-May-11-2022-Premier-League"
"Premier League","M","ENG",2022,NA,"21","Wed",2022-05-11,"19:45","Leicester City",3,2,"Norwich City",0,1.1,38092,"King Power Stadium","Simon Hooper",NA,"https://fbref.com/en/matches/2ae05ae6/Leicester-City-Norwich-City-May-11-2022-Premier-League"
"Premier League","M","ENG",2022,NA,"30","Wed",2022-05-11,"19:45","Watford",0,0.3,"Everton",0,0.7,20653,"Vicarage Road Stadium","Mike Dean",NA,"https://fbref.com/en/matches/948fa2e3/Watford-Everton-May-11-2022-Premier-League"
"Premier League","M","ENG",2022,NA,"33","Wed",2022-05-11,"20:15","Wolves",1,0.5,"Manchester City",5,2.3,32000,"Molineux Stadium","Martin Atkinson",NA,"https://fbref.com/en/matches/a93c0c92/Wolverhampton-Wanderers-Manchester-City-May-11-2022-Premier-League"
"Premier League","M","ENG",2022,NA,"22","Thu",2022-05-12,"19:45","Tottenham",3,2.7,"Arsenal",0,0.5,62027,"Tottenham Hotspur Stadium","Paul Tierney",NA,"https://fbref.com/en/matches/607d0562/North-London-Derby-Tottenham-Hotspur-Arsenal-May-12-2022-Premier-League"
"Premier League","M","ENG",2022,NA,"37","Sun",2022-05-15,"12:00","Tottenham",1,2.2,"Burnley",0,0.7,61729,"Tottenham Hotspur Stadium","Kevin Friend",NA,"https://fbref.com/en/matches/1d0f7282/Tottenham-Hotspur-Burnley-May-15-2022-Premier-League"
"Premier League","M","ENG",2022,NA,"37","Sun",2022-05-15,"14:00","Leeds United",1,1.6,"Brighton",1,2.2,36638,"Elland Road","Mike Dean",NA,"https://fbref.com/en/matches/1ca898da/Leeds-United-Brighton-and-Hove-Albion-May-15-2022-Premier-League"
"Premier League","M","ENG",2022,NA,"37","Sun",2022-05-15,"14:00","Watford",1,1.4,"Leicester City",5,2.5,20257,"Vicarage Road Stadium","Jarred Gillett",NA,"https://fbref.com/en/matches/5a142f6f/Watford-Leicester-City-May-15-2022-Premier-League"
"Premier League","M","ENG",2022,NA,"37","Sun",2022-05-15,"14:00","Wolves",1,0.9,"Norwich City",1,1.1,31219,"Molineux Stadium","Tony Harrington",NA,"https://fbref.com/en/matches/7f0d5ca8/Wolverhampton-Wanderers-Norwich-City-May-15-2022-Premier-League"
"Premier League","M","ENG",2022,NA,"37","Sun",2022-05-15,"14:00","Aston Villa",1,1,"Crystal Palace",1,1.4,41136,"Villa Park","Chris Kavanagh",NA,"https://fbref.com/en/matches/d2e9e9e3/Aston-Villa-Crystal-Palace-May-15-2022-Premier-League"
"Premier League","M","ENG",2022,NA,"37","Sun",2022-05-15,"14:00","West Ham",2,1.1,"Manchester City",2,2.4,59972,"London Stadium","Anthony Taylor",NA,"https://fbref.com/en/matches/f94c5f85/West-Ham-United-Manchester-City-May-15-2022-Premier-League"
"Premier League","M","ENG",2022,NA,"37","Sun",2022-05-15,"16:30","Everton",2,2.1,"Brentford",3,1.4,38819,"Goodison Park","Michael Oliver",NA,"https://fbref.com/en/matches/1b07c16e/Everton-Brentford-May-15-2022-Premier-League"
"Premier League","M","ENG",2022,NA,"37","Mon",2022-05-16,"20:00","Newcastle Utd",2,1.6,"Arsenal",0,0.6,52274,"St. James' Park","Darren England",NA,"https://fbref.com/en/matches/a3b3a0d5/Newcastle-United-Arsenal-May-16-2022-Premier-League"
"Premier League","M","ENG",2022,NA,"37","Tue",2022-05-17,"19:45","Southampton",1,0.1,"Liverpool",2,1.3,31588,"St. Mary's Stadium","Martin Atkinson",NA,"https://fbref.com/en/matches/733409b2/Southampton-Liverpool-May-17-2022-Premier-League"
"Premier League","M","ENG",2022,NA,"33","Thu",2022-05-19,"19:45","Everton",3,0.8,"Crystal Palace",2,1.1,38448,"Goodison Park","Anthony Taylor",NA,"https://fbref.com/en/matches/82aa061a/Everton-Crystal-Palace-May-19-2022-Premier-League"
"Premier League","M","ENG",2022,NA,"18","Thu",2022-05-19,"20:00","Aston Villa",1,1.5,"Burnley",1,1.6,40468,"Villa Park","Paul Tierney",NA,"https://fbref.com/en/matches/bc4f902e/Aston-Villa-Burnley-May-19-2022-Premier-League"
"Premier League","M","ENG",2022,NA,"27","Thu",2022-05-19,"20:00","Chelsea",1,1.6,"Leicester City",1,0.1,31478,"Stamford Bridge","Stuart Attwell",NA,"https://fbref.com/en/matches/75d8f6e0/Chelsea-Leicester-City-May-19-2022-Premier-League"
"Premier League","M","ENG",2022,NA,"38","Sun",2022-05-22,"16:00","Brentford",1,0.8,"Leeds United",2,1.3,16957,"Brentford Community Stadium","Paul Tierney",NA,"https://fbref.com/en/matches/076ca089/Brentford-Leeds-United-May-22-2022-Premier-League"
"Premier League","M","ENG",2022,NA,"38","Sun",2022-05-22,"16:00","Leicester City",4,3.4,"Southampton",1,1.1,32003,"King Power Stadium","Jonathan Moss",NA,"https://fbref.com/en/matches/16e2761e/Leicester-City-Southampton-May-22-2022-Premier-League"
"Premier League","M","ENG",2022,NA,"38","Sun",2022-05-22,"16:00","Crystal Palace",1,0.6,"Manchester Utd",0,0.7,25434,"Selhurst Park","Martin Atkinson",NA,"https://fbref.com/en/matches/19173099/Crystal-Palace-Manchester-United-May-22-2022-Premier-League"
"Premier League","M","ENG",2022,NA,"38","Sun",2022-05-22,"16:00","Arsenal",5,4.2,"Everton",1,1.1,60201,"Emirates Stadium","Andre Marriner",NA,"https://fbref.com/en/matches/4100d195/Arsenal-Everton-May-22-2022-Premier-League"
"Premier League","M","ENG",2022,NA,"38","Sun",2022-05-22,"16:00","Brighton",3,1.6,"West Ham",1,0.2,31604,"The American Express Community Stadium","Kevin Friend",NA,"https://fbref.com/en/matches/70a81794/Brighton-and-Hove-Albion-West-Ham-United-May-22-2022-Premier-League"
"Premier League","M","ENG",2022,NA,"38","Sun",2022-05-22,"16:00","Norwich City",0,0.5,"Tottenham",5,3.4,27022,"Carrow Road","Chris Kavanagh",NA,"https://fbref.com/en/matches/771ecae9/Norwich-City-Tottenham-Hotspur-May-22-2022-Premier-League"
"Premier League","M","ENG",2022,NA,"38","Sun",2022-05-22,"16:00","Manchester City",3,3.4,"Aston Villa",2,0.2,53395,"Etihad Stadium","Michael Oliver",NA,"https://fbref.com/en/matches/7b4b63d0/Manchester-City-Aston-Villa-May-22-2022-Premier-League"
"Premier League","M","ENG",2022,NA,"38","Sun",2022-05-22,"16:00","Liverpool",3,2.7,"Wolves",1,1.3,53097,"Anfield","Anthony Taylor",NA,"https://fbref.com/en/matches/8b0f3e28/Liverpool-Wolverhampton-Wanderers-May-22-2022-Premier-League"
"Premier League","M","ENG",2022,NA,"38","Sun",2022-05-22,"16:00","Burnley",1,1.6,"Newcastle Utd",2,1.8,21361,"Turf Moor","Craig Pawson",NA,"https://fbref.com/en/matches/ad4ac82b/Burnley-Newcastle-United-May-22-2022-Premier-League"
"Premier League","M","ENG",2022,NA,"38","Sun",2022-05-22,"16:00","Chelsea",2,2.2,"Watford",1,0.6,32089,"Stamford Bridge","Mike Dean",NA,"https://fbref.com/en/matches/df85b298/Chelsea-Watford-May-22-2022-Premier-League"
